run_date,forecast_date,period,days_ahead,brent_actual,brent_arima,brent_prophet,brent_lasso,brent_ensemble,brent_ci_lo,brent_ci_hi,ca_gas_actual,ca_gas_pred,brent_err,ca_err,brent_ci_lo_80,brent_ci_hi_80
2026-05-10,2026-04-13,backtest,3,99.36000061035156,89.88063100109427,89.62962900828931,77.6931300190731,95.0086482587179,NA,NA,5.838,5.659033710816951,-4.351352351633665,-0.17896628918304902,NA,NA
2026-05-10,2026-04-14,backtest,4,94.79000091552734,82.75943320115648,89.5775922675103,75.726309964465,94.8377381781725,NA,NA,5.826428571428571,5.670351844938924,0.047737262645156875,-0.15607672648964677,NA,NA
2026-05-10,2026-04-15,backtest,5,94.93000030517578,81.97637523970526,89.67107189801767,75.00777082736835,94.7306859398068,NA,NA,5.814857142857143,5.900518485042835,-0.19931436536897706,0.08566134218569221,NA,NA
2026-05-10,2026-04-16,backtest,6,99.38999938964844,86.66334412773621,90.20437647723149,76.23743307944372,94.75149866302611,NA,NA,5.803285714285714,5.8677912752754295,-4.6385007266223255,0.0645055609897156,NA,NA
2026-05-10,2026-04-17,backtest,7,90.37999725341797,75.04575515898316,90.61598867259849,73.08352327580839,94.38280801851474,NA,NA,5.791714285714286,5.855336369644711,4.002810765096768,0.0636220839304249,NA,NA
2026-05-10,2026-04-20,backtest,10,95.4800033569336,80.32049813139386,91.5226625898908,71.08838132830742,94.19992682612296,NA,NA,5.757,5.735615899139354,-1.280076530810632,-0.02138410086064546,NA,NA
2026-05-10,2026-04-21,backtest,11,98.4800033569336,83.81797723347934,91.71715960880466,74.78567073372116,94.30490365081208,NA,NA,5.777285714285714,5.828960955415153,-4.1750997061215145,0.051675241129438554,NA,NA
2026-05-10,2026-04-22,backtest,12,101.91000366210938,88.08176353628613,91.97368658606109,75.31411858141954,94.40804954283426,NA,NA,5.797571428571429,5.8215161913310975,-7.501954119275112,0.023944762759668947,NA,NA
2026-05-10,2026-04-23,backtest,13,105.06999969482422,92.24536992437017,92.59375881681935,76.21156026281268,94.55618670943028,NA,NA,5.817857142857143,5.731128518827266,-10.51381298539394,-0.08672862402987747,NA,NA
2026-05-10,2026-04-24,backtest,14,105.33000183105469,93.28439894746307,93.00161684715057,76.51782784822754,94.57621117301017,NA,NA,5.838142857142857,5.892411512567535,-10.753790658044522,0.054268655424678514,NA,NA
2026-05-10,2026-04-27,backtest,17,108.2300033569336,97.70840716932109,93.38653634914549,77.66367136735543,94.7345333897299,NA,NA,5.899,5.752288971477725,-13.49546996720369,-0.14671102852227502,NA,NA
2026-05-10,2026-04-28,backtest,18,111.26000213623047,102.18831771415263,93.25380275376848,79.04606688370292,94.99681826296764,NA,NA,5.924571428571428,5.7306592018096385,-16.263183873262832,-0.19391222676178987,NA,NA
2026-05-10,2026-04-29,backtest,19,118.02999877929688,111.96934083957254,93.12026832481716,81.62330011289623,95.63939750608512,NA,NA,5.950142857142858,5.702588386582324,-22.390601273211757,-0.2475544705605337,NA,NA
2026-05-10,2026-04-30,backtest,20,114.01000213623047,106.47333635152548,93.2972831611884,80.90301035998914,95.30607929467008,NA,NA,5.975714285714286,5.651111311056884,-18.703922841560384,-0.3246029746574024,NA,NA
2026-05-10,2026-05-01,backtest,21,108.16999816894531,98.18439486573602,89.62642090425362,78.83202638011085,94.5242120538839,NA,NA,6.001285714285714,5.510250887280568,-13.645786115061412,-0.4910348270051461,NA,NA
2026-05-10,2026-05-04,backtest,24,114.44000244140625,105.85994340483742,88.4027380565057,79.65753392389426,94.96088486723775,NA,NA,6.078,5.5221750591330405,-19.479117574168498,-0.5558249408669598,NA,NA
2026-05-10,2026-05-05,backtest,25,109.87000274658203,98.52892477324815,87.72683292925097,77.76738652013867,94.27967775292723,NA,NA,NA,5.423604876861962,-15.590324993654804,NA,NA,NA
2026-05-10,2026-05-06,backtest,26,101.2699966430664,86.78550693213381,87.05744706379649,74.96241899679411,93.16504656523004,NA,NA,NA,5.228092357919516,-8.104950077836364,NA,NA,NA
2026-05-10,2026-05-07,backtest,27,100.05999755859375,84.18674263168802,86.6921415280103,73.43992975891953,92.79242910823406,NA,NA,NA,5.434758149182189,-7.26756845035969,NA,NA,NA
2026-05-10,2026-05-08,backtest,28,101.29000091552734,84.1333397318465,86.10400224714084,72.39789720275901,92.62158735071213,NA,NA,NA,5.664712332676956,-8.66841356481521,NA,NA,NA
2026-05-10,2026-05-11,forecast,1,NA,99.43352812048627,83.61415173937651,72.39232700961492,101.18561841396604,101.14572506331426,101.19426004622841,NA,6.050595475766073,NA,NA,101.149067349904,101.18925795283292
2026-05-10,2026-05-12,forecast,2,NA,100.1526852058264,82.61860502890147,72.38675724503376,101.08180044200945,101.00155755535954,101.10161733124902,NA,6.045862541884613,NA,NA,101.00993587855149,101.08707751613665
2026-05-10,2026-05-13,forecast,3,NA,100.70720913719104,81.67858121464346,72.38118790898253,100.97733694958646,100.85429713819322,101.00540421568364,NA,6.040959670843679,NA,NA,100.86542153701527,100.98476316526262
2026-05-10,2026-05-14,forecast,4,NA,101.14073768218566,81.07259288771644,72.37561900142823,100.87435394845663,100.7081433677314,100.90791855170164,NA,6.035939073442863,NA,NA,100.72752116628752,100.8869087329545
2026-05-10,2026-05-15,forecast,5,NA,101.5202283374295,80.30656710084996,72.3700505223379,100.76913844839382,100.55940119584086,100.81310515840363,NA,6.030718060351354,NA,NA,100.58398235384745,100.78308366750863
2026-05-10,2026-05-18,forecast,8,NA,101.63867069060433,77.61071777530132,72.35334765552108,100.4165338121646,100.0903417209914,100.50882919487543,NA,6.013389597238188,NA,NA,100.11785746676833,100.45988417522707
2026-05-10,2026-05-19,forecast,9,NA,101.88705015171485,76.64086479126262,72.34778088995702,100.29703620623789,99.91695500394636,100.37313336570001,NA,6.007347557702215,NA,NA,99.95073745023782,100.33451461880897
2026-05-10,2026-05-20,forecast,10,NA,102.04490600931385,75.75665665079605,72.34221455269207,100.17451929882634,99.75047555877705,100.2702965554823,NA,6.00114936074764,NA,NA,99.78378289822415,100.2096257261406
2026-05-10,2026-05-21,forecast,11,NA,102.14445889475601,75.21137842393809,72.3366486436934,100.05659168851437,99.57507773224283,100.17028502022129,NA,5.99499348932545,NA,NA,99.6128214864936,100.11429231813169
2026-05-10,2026-05-22,forecast,12,NA,102.22399708200088,74.54202795074295,72.331083162928,99.93324706497876,99.41675790484376,100.0801140559985,NA,5.988660395031976,NA,NA,99.45441680454653,99.99853128020074
2026-05-10,2026-05-25,forecast,15,NA,102.08121538532284,72.25914670153888,72.31438928970188,99.52505735217487,98.86179765802365,99.7413845738967,NA,5.968650377379946,NA,NA,98.93329288056148,99.65357827633066
2026-05-10,2026-05-26,forecast,16,NA,102.16477847343617,71.44682306946726,72.3088255215401,99.38787460033844,98.6854991974621,99.65734794139553,NA,5.961979528945678,NA,NA,98.74323799487078,99.51765487522684
2026-05-10,2026-05-27,forecast,17,NA,102.16414996875598,70.71439424024085,72.30326218144688,99.24716626383041,98.46789258214311,99.55039651940221,NA,5.955265726592323,NA,NA,98.55144484104015,99.40229183778071
2026-05-10,2026-05-28,forecast,18,NA,102.15286436151865,70.2950809926445,72.29769926938927,99.11667038933416,98.29867310809438,99.383762459983,NA,5.948851252829758,NA,NA,98.36352033097607,99.24649868960674
2026-05-10,2026-05-29,forecast,19,NA,102.12735548958801,69.75386437655474,72.29213678533429,98.97889963299298,98.1437875868082,99.25670121197906,NA,5.942334264702211,NA,NA,98.21811655458416,99.16026367666176
2026-05-10,2026-06-01,forecast,22,NA,101.89984105233562,67.8133515257055,72.2754519008564,98.52966632011565,97.50591292971805,98.90286521142853,NA,5.922477598258537,NA,NA,97.6113857807838,98.76308988157756
2026-05-10,2026-06-02,forecast,23,NA,101.91739541283887,67.0943354395453,72.26989112848295,98.37801819062318,97.25706820412073,98.76563610967648,NA,5.916031859102159,NA,NA,97.35848179135579,98.62266150297935
2026-05-10,2026-06-03,forecast,24,NA,101.86886263397702,66.4380464644884,72.26433078394751,98.22296482640282,97.10431481707407,98.69011393194457,NA,5.909628878507048,NA,NA,97.217396060674,98.51884728433095
2026-05-10,2026-06-04,forecast,25,NA,101.81423060824648,66.06445241083581,72.2587708672173,98.08143050652028,96.92694589103282,98.56908054727833,NA,5.903678448098216,NA,NA,97.03520074239157,98.43308446187355
2026-05-10,2026-06-05,forecast,26,NA,101.75633385312928,65.56633959538838,72.2532113782593,97.9313297402421,96.72782875240193,98.45309249521593,NA,5.8976608617943445,NA,NA,96.81207328061537,98.24830100839753
2026-05-10,2026-06-08,forecast,29,NA,101.48805523248517,63.7339024291048,72.23653547768953,97.44209935185492,96.08020600477604,97.99425602776542,NA,5.879547242971831,NA,NA,96.1985751114859,97.82694981197325
2026-05-10,2026-06-09,forecast,30,NA,101.48313745636116,63.05024872961066,72.23097769949136,97.27755374254856,95.88605649924841,97.95747118623237,NA,5.873774087885161,NA,NA,95.9968810240636,97.72332451691403
2026-05-10,2026-06-10,forecast,31,NA,101.41425670987857,62.42772571271195,72.2254203489009,97.1095362463054,95.63620075614753,97.90711899248728,NA,5.868072086906928,NA,NA,95.79507001650592,97.65672173852604
2026-05-10,2026-06-11,forecast,32,NA,101.34357639273415,62.07583181101212,72.21986342588522,96.95866002099292,95.47425890468011,97.60941882387505,NA,5.862933423481376,NA,NA,95.56576543291979,97.42762033820458
2026-05-10,2026-06-12,forecast,33,NA,101.27083511313418,61.61502099442594,72.21430693041138,96.7987946997581,95.16972096991464,97.52970604962091,NA,5.857737394234296,NA,NA,95.28488702435025,97.31927601207633
2026-05-10,2026-06-15,forecast,36,NA,100.97901813566352,59.98909109141327,72.19764000891253,96.28486499948232,94.636271069935475,97.13638355894817,NA,5.842279553730588,NA,NA,94.77335717927804,96.91916942831024
2026-05-10,2026-06-16,forecast,37,NA,100.96243242182862,59.41029102900592,72.19208522327737,96.11590399289116,94.30672877438879,96.94386870818482,NA,5.837500355846526,NA,NA,94.47673450552531,96.70674171133548
2026-05-10,2026-06-17,forecast,38,NA,100.883822074438,58.907416808952895,72.18653086501973,95.94508374842691,94.09063357545023,96.78693579974129,NA,5.832836203775578,NA,NA,94.27444198760396,96.59731602574423
2026-05-10,2026-06-18,forecast,39,NA,100.80392835513388,58.67950685891985,72.18097693410665,95.7959670942601,93.91294347572207,97.03166957432289,NA,5.828848087305307,NA,NA,94.07023296913083,96.686103954652
2026-05-10,2026-06-19,forecast,40,NA,100.72298539029646,58.36919226720648,72.17542343050528,95.63930279095139,93.6613792574574,96.82624039793481,NA,5.824839961482601,NA,NA,93.85649850781931,96.52948978920287
2026-05-10,2026-06-22,forecast,43,NA,100.41225522720705,57.32536578157771,72.15876548324246,95.14702342733204,93.0272345702252,96.48846053052523,NA,5.8132435108825256,NA,NA,93.23536383813074,96.13571401291591
2026-05-10,2026-06-23,forecast,44,NA,100.38815221119047,56.97766819629409,72.1532136885591,94.99110740132548,92.74752494048892,96.14160250636024,NA,5.809892050722314,NA,NA,92.93493627912939,95.89261238111175
2026-05-10,2026-06-24,forecast,45,NA,100.30259563420546,56.71760728935976,72.147662321023,94.835345021695,92.59329585013543,96.1101134473465,NA,5.806703811528656,NA,NA,92.81468830320402,95.75311573072524
2026-05-10,2026-06-25,forecast,46,NA,100.21616091561201,56.7360479548532,72.14211138060145,94.70607443660583,92.44999984478079,96.25128644791647,NA,5.804305478320337,NA,NA,92.6342518957108,95.88631180049279
2026-05-10,2026-06-26,forecast,47,NA,100.12883665666261,56.68693803671231,72.13656086726144,94.57058274439726,92.225429380366,96.00321642143707,NA,5.801918253706035,NA,NA,92.39122638620523,95.6856059143021
2026-05-10,2026-06-29,forecast,50,NA,99.80140522294883,56.46891561170954,72.11991188940266,94.14970017857513,91.49153138355838,95.8518176440916,NA,5.795364927842824,NA,NA,91.77624508072147,95.51074712838151
2026-05-10,2026-06-30,forecast,51,NA,99.77101145386641,56.39817951135247,72.1143630840605,94.02091662829729,91.3350659306069,95.74279427770048,NA,5.793769530430418,NA,NA,91.55317752934722,95.47471851249044
2026-05-10,2026-07-01,forecast,52,NA,99.64538536043975,56.40962129815168,72.10881470563575,93.88792740756418,91.13131882400943,95.61824181357878,NA,5.784761326181546,NA,NA,91.35028835622856,95.23373125112117
2026-05-10,2026-07-02,forecast,53,NA,99.55333616648585,56.69163758139056,72.10326675409549,93.78962967471908,91.06930697413159,95.68433565055648,NA,5.7842021442051905,NA,NA,91.31114592079538,95.35853130567769
2026-05-10,2026-07-03,forecast,54,NA,99.46052927262922,56.897462739521465,72.09771922940688,93.68419286371918,90.84377020798199,95.73218424126595,NA,5.783625865378312,NA,NA,91.05193171373972,95.39410359721438
2026-05-10,2026-07-06,forecast,57,NA,99.1178326175093,57.35717312109794,72.08107921612245,93.34659255540078,90.25121336650858,95.77729410501071,NA,5.782280559112114,NA,NA,90.48228353590414,95.40452825447176
2026-05-10,2026-07-07,forecast,58,NA,99.08182715616631,57.47424691013466,72.07553339851204,93.24366115095427,90.10907579346465,95.52662975861479,NA,5.782345020166197,NA,NA,90.3594329325521,95.12017091079841
2026-05-10,2026-07-08,forecast,59,NA,98.98540417917623,57.65263326500333,72.06998800758909,93.13956783160377,89.91500512857763,95.69253475917544,NA,5.782515717123038,NA,NA,90.21020564378645,95.28792701467849
2026-05-10,2026-07-09,forecast,60,NA,98.88828494454494,58.084429766202724,72.06444304332071,93.06684562542372,89.67365433553299,95.65238711840398,NA,5.78356048425049,NA,NA,90.1361411013641,95.15087298139403
2026-05-10,2026-07-10,forecast,61,NA,98.79047722976074,58.414444879618415,72.05889850567421,92.98337873456677,89.58249504175775,95.74482467541549,NA,5.78446941305711,NA,NA,90.03968095648594,95.18472390651554
2026-05-10,2026-07-13,forecast,64,NA,98.43371261939365,59.093104218384966,72.04226745213732,92.69152553107389,88.97355981840055,95.75505452871877,NA,5.786835368794012,NA,NA,89.42336547749673,95.14936839759548
2026-05-10,2026-07-14,forecast,65,NA,98.39256370385145,59.2332588707556,72.03672462064979,92.59841455406226,88.81461099357136,96.00767395772826,NA,5.787894415421435,NA,NA,89.16458115925253,95.40329213501734
2026-05-10,2026-07-15,forecast,66,NA,98.29148583143302,59.41398049916781,72.03118221562002,92.50131918057086,88.58218822017103,95.9039538360246,NA,5.788922208776524,NA,NA,88.91498029344741,95.30544425390661
2026-05-10,2026-07-16,forecast,67,NA,98.18978233589056,59.83478047303332,72.02564023701518,92.4365014175971,88.47872851854564,96.05496317096151,NA,5.790766946639172,NA,NA,88.76015026817582,95.34963503996565
2026-05-10,2026-07-17,forecast,68,NA,98.0874649620623,60.13174778802359,72.02009868480242,92.35677971027309,88.24606538032313,96.23033732950462,NA,5.792289875594386,NA,NA,88.64110118618402,95.61445788034452
2026-05-10,2026-07-20,forecast,71,NA,97.71806307364072,60.613558302254454,72.00347658618863,92.05762965580551,87.64343311492416,96.27230473460507,NA,5.795455563822271,NA,NA,88.08289013383643,95.57124225134795
2026-05-10,2026-07-21,forecast,72,NA,97.67226309430386,60.66578416471749,71.99793673921623,91.95855893593843,87.43261558715038,96.38297094894159,NA,5.796473398196236,NA,NA,87.8632552587007,95.40565001725302
2026-05-10,2026-07-22,forecast,73,NA,97.56704102169357,60.754395501982664,71.99239731847192,91.8542844708538,87.35335930046851,95.86124384737964,NA,5.797309674121168,NA,NA,87.74007464223746,95.00450442421833
2026-05-10,2026-07-23,forecast,74,NA,97.46127124257639,61.08558953662549,71.98685832392285,91.7847627698242,87.19517412099698,96.41136721154955,NA,5.798897280275098,NA,NA,87.73193163548918,95.29258813582996
2026-05-10,2026-07-24,forecast,75,NA,97.35496512662462,61.29010525831613,71.98131975553635,91.69832872223006,87.0272046626562,96.63204362798828,NA,5.799989980562859,NA,NA,87.6082802676106,96.23175554050697
2026-05-10,2026-07-27,forecast,78,NA,96.97452974939009,61.51138832663381,71.96470660702396,91.37480298605422,86.4038208891207,97.12305476052356,NA,5.8010405031465275,NA,NA,86.82950175646324,96.17214411205367
2026-05-10,2026-07-28,forecast,79,NA,96.92461263931092,61.4899073502998,71.95916974295963,91.26882644792889,86.22432351532535,96.9751898597128,NA,5.801162445256592,NA,NA,86.59991292296144,96.18794900874899
2026-05-10,2026-07-29,forecast,80,NA,96.81580443827615,61.51493327643294,71.9536333048939,91.15860285310472,85.99676060215545,97.18953969319645,NA,5.8010327106135335,NA,NA,86.51809676847846,96.08547020842866
2026-05-10,2026-07-30,forecast,81,NA,96.70653211497608,61.79551850859787,71.94809729279397,91.08722898918819,86.00100814720088,97.10390672189824,NA,5.80167329769585,NA,NA,86.35062121591704,95.94710811881356
2026-05-10,2026-07-31,forecast,82,NA,96.5968082378983,61.95830526311166,71.9425617066271,90.99888039759365,85.62648417636562,96.8897311466304,NA,5.801756119229147,NA,NA,86.04953951587828,95.86170912947915
2026-05-10,2026-08-03,forecast,85,NA,96.20710042398427,62.110565784671536,71.92595750339697,90.67316192488784,84.91924470320885,97.58038621695252,NA,5.799699721547552,NA,NA,85.51052272063315,96.46488735278012
2026-05-10,2026-08-04,forecast,86,NA,96.15365006287956,62.08247709649295,71.92042362063458,90.5688263586309,84.85854047038119,97.40818004417514,NA,5.798866691459217,NA,NA,85.33602092529998,96.2571395932768
2026-05-10,2026-08-05,forecast,87,NA,96.04185983875708,62.10772132066586,71.91489016364135,90.46110481652795,84.5161932620142,97.835758071692,NA,5.797856974173605,NA,NA,85.04316415523448,96.12569831259313
2026-05-10,2026-08-06,forecast,88,NA,95.92969533193734,62.395551169915166,71.90935713238463,90.39568395908006,84.32629264385413,97.90858128173672,NA,5.797779740688112,NA,NA,84.84936571864927,96.63916997447785
2026-05-10,2026-08-07,forecast,89,NA,95.81716977660477,62.56732156036624,71.90382452683161,90.31247166235545,84.18262626017741,98.18054888449085,NA,5.797229339451321,NA,NA,84.56988830041921,96.4101597951173
2026-05-10,2026-08-10,forecast,92,NA,95.42008215277032,62.73990608471406,71.88722926406719,89.99747784813889,83.60425437481022,98.47370841637121,NA,5.7940008836713535,NA,NA,83.9628080602853,97.40006625205054
2026-05-10,2026-08-11,forecast,93,NA,95.36372510785573,62.709881618350785,71.88169836100147,89.89535575425086,83.31434163839023,98.60003777451723,NA,5.793084081003169,NA,NA,83.98446542525456,97.24393920104993
2026-05-10,2026-08-12,forecast,94,NA,95.24959624185612,62.726570568988066,71.87616788347572,89.78862442332652,83.53704967533089,98.3471319293792,NA,5.792152472149123,NA,NA,83.91452241425324,97.21593132070836
2026-05-10,2026-08-13,forecast,95,NA,95.13518760601102,62.999487955444614,71.87063783145719,89.72537124654625,82.97974861196802,98.56215614064939,NA,5.7923765816034685,NA,NA,83.52136949366046,96.5642783619299
2026-05-10,2026-08-14,forecast,96,NA,95.02051300861957,63.14493888797477,71.86510820491307,89.64131569317155,82.95682359233486,98.55386286096699,NA,5.7922472713173825,NA,NA,83.76860870878063,97.03489030780597
2026-05-10,2026-08-17,forecast,99,NA,94.6180370546886,63.16437606846551,71.84852187780045,89.30701342301586,82.25055122049099,99.29873900070959,NA,5.79089238105412,NA,NA,82.75484207067014,97.7280357690083
2026-05-10,2026-08-18,forecast,100,NA,94.5594329699401,63.05771028132953,71.842993952827,89.193714082853,82.22856416899204,98.87787683502097,NA,5.790745504454435,NA,NA,82.66982449644544,97.53443746339222
2026-05-10,2026-08-19,forecast,101,NA,94.44363754793469,62.98578829344137,71.83746645316432,89.07339207167243,82.1103006034347,99.87964819836527,NA,5.790600222982759,NA,NA,82.818987941626,98.02056043764821
2026-05-10,2026-08-20,forecast,102,NA,94.32766007554979,63.15905107757554,71.83193937877981,88.99650027971978,81.85621035200427,100.52503755478406,NA,5.791639624357687,NA,NA,82.3896453696606,98.94974055138925
2026-05-10,2026-08-21,forecast,103,NA,94.21151467767785,63.19339493641949,71.82641272964068,88.89547596680063,81.77666312228081,100.52719084014274,NA,5.792225783233761,NA,NA,82.44217106828114,98.8860838633611
2026-05-10,2026-08-24,forecast,106,NA,93.80570669072459,62.830896291610244,71.8098353333684,88.49611000350842,81.21378203004791,100.4365877212737,NA,5.791982606453319,NA,NA,81.60061466357084,97.97235555088767
2026-05-10,2026-08-25,forecast,107,NA,93.74553720690128,62.588429488360106,71.80431038488366,88.35878733819949,80.88767977966107,101.2686696903472,NA,5.7917192736301,NA,NA,81.41006139634794,98.86039649119945
2026-05-10,2026-08-26,forecast,108,NA,93.62876488123314,62.379956624405914,71.79878586148075,88.21382697152526,80.62714940276838,101.27940576900309,NA,5.7911287753825285,NA,NA,81.0834567339339,99.31119542011052
2026-05-10,2026-08-27,forecast,109,NA,93.51190980088592,62.4156099026376,71.79326176312696,88.11374052183118,80.69698615117345,100.94511745053128,NA,5.791388645702087,NA,NA,81.12346873200556,98.21314751495447
2026-05-10,2026-08-28,forecast,110,NA,93.39498618759889,62.317823398677874,71.78773808978953,87.9891710803504,80.34078636814249,100.07682804986587,NA,5.790770732731334,NA,NA,80.73205873348081,98.48399400709236
2026-05-10,2026-08-31,forecast,113,NA,92.9879329927738,61.61870877125629,71.77116961954891,87.52494708151764,79.83014933464314,100.30960442448658,NA,5.784181179751246,NA,NA,80.24474768904149,98.27938350160846
2026-05-10,2026-09-01,forecast,114,NA,93.00394719905545,63.7231323120457,71.76564764595024,87.85199295570453,79.75505833968103,102.44654655972907,NA,5.837090101307664,NA,NA,80.1402939550178,99.61724076847277
2026-05-10,2026-09-02,forecast,115,NA,92.88679685432267,63.43657428382877,71.76012609720442,87.69348636217038,79.67600140882463,102.12862089932503,NA,5.832981010875494,NA,NA,80.11030462668496,99.4670197035489
2026-05-10,2026-09-03,forecast,116,NA,92.76966306116927,63.41773959766463,71.75460497327893,87.58605878681084,79.40879674827895,102.59706457124416,NA,5.829324779467733,NA,NA,79.8927655317657,100.7108323248768
2026-05-10,2026-09-04,forecast,117,NA,92.65255992578176,63.284806301318156,71.749084274141,87.45680237139973,79.40169776751024,103.53705539022184,NA,5.824329798829114,NA,NA,79.84204494565564,100.00767543606224
2026-05-10,2026-09-07,forecast,120,NA,92.24600861927625,62.618935358694,71.73252472512576,87.00211603932834,78.79890728648877,103.20205360976236,NA,5.802510137818922,NA,NA,79.05479386229406,99.78887927408356
2026-05-10,2026-09-08,forecast,121,NA,92.18473475220644,62.354445201877475,71.72700572481129,86.86104361790795,78.74896462352802,103.02000308573002,NA,5.793700599982481,NA,NA,78.96198165011916,100.56725258344424
2026-05-10,2026-09-09,forecast,122,NA,92.06799510756417,62.168086991182,71.72148714912102,86.72076708667052,78.49568065527052,104.06151179983085,NA,5.784031339340528,NA,NA,78.79859221118879,102.35751792097847
2026-05-10,2026-09-10,forecast,123,NA,91.951369864024,62.27166840871849,71.71596899802225,86.63812229030773,78.3380995920286,104.68930748952648,NA,5.774890622482422,NA,NA,78.74432631778599,100.41508801751107
2026-05-10,2026-09-11,forecast,124,NA,91.834872791204,62.29148357241414,71.71045127148226,86.53919755596083,78.19191027027382,104.47599409760433,NA,5.7645759924234685,NA,NA,78.46448935438885,101.91397628441973
2026-05-10,2026-09-14,forecast,127,NA,91.43121176460133,62.252755874948726,71.6939006388889,86.20962664610094,77.80949350432867,106.33188931835205,NA,5.728952204367937,NA,NA,78.06651863582327,102.9918366286243
2026-05-10,2026-09-15,forecast,128,NA,91.37043926318063,62.25043737467002,71.68838461025766,86.1221851020621,77.76041606168383,106.8572217079092,NA,5.71663449355675,NA,NA,78.20361536481398,104.37120138293234
2026-05-10,2026-09-16,forecast,129,NA,91.25478719866761,62.351333541600304,71.68286900602202,86.04137313127542,77.4469041267015,107.5891326607074,NA,5.704159011390702,NA,NA,77.75449934834086,104.18624477256678
2026-05-10,2026-09-17,forecast,130,NA,91.13934443514043,62.769002816423374,71.67735382614927,86.02620682469879,77.19404382817748,106.50374324441412,NA,5.693030132651506,NA,NA,77.4863817636944,103.11020899722322
2026-05-10,2026-09-18,forecast,131,NA,91.024124211057,63.128596647716684,71.67183907060677,86.00010757783318,77.36294741329196,109.33287922106385,NA,5.681512609007893,NA,NA,77.64293647264482,103.71056178013802
2026-05-10,2026-09-21,forecast,134,NA,90.74276003733308,62.97075308522036,71.65529734963415,85.68608304166024,76.65504482291462,107.94482511719309,NA,5.657593565864682,NA,NA,77.03648388265088,105.51289898652672
2026-05-10,2026-09-22,forecast,135,NA,90.76134787143994,62.546549417886155,71.64978429108616,85.53495113438211,76.77453964836562,107.61461981867133,NA,5.6539966264714625,NA,NA,77.020916427994365,103.92972886782523
2026-05-10,2026-09-23,forecast,136,NA,90.72537511223392,62.2450753811982,71.6442716567052,85.39427367153178,76.51868870615628,110.098771549623,NA,5.650648502855624,NA,NA,76.7959319769388,105.45434630914006
2026-05-10,2026-09-24,forecast,137,NA,90.68949273445703,62.27433904831423,71.63875944645856,85.32361840412605,76.44219274967523,107.68170600433366,NA,5.648966907491369,NA,NA,76.7326249647026,103.37146133666732
2026-05-10,2026-09-25,forecast,138,NA,90.65369087111233,62.25744782940624,71.63324766031376,85.24362892134754,76.15572860381724,109.60204487646891,NA,5.64706315780124,NA,NA,76.57090211582204,105.44890653331844
2026-05-10,2026-09-28,forecast,141,NA,90.49215977451007,62.30409865086886,71.6167148461636,85.01148217520434,75.98196439641384,110.38431824722528,NA,5.641538065243031,NA,NA,76.2556711900776,105.9690866717711
2026-05-10,2026-09-29,forecast,142,NA,90.51109114266681,62.384607901550275,71.6112047560995,84.96977000661886,75.9384254770832,111.66640255774374,NA,5.640545315630697,NA,NA,76.21598169759436,108.63038742643646
2026-05-10,2026-09-30,forecast,143,NA,90.47554380725911,62.59020548861068,71.60569508997409,84.94021194598056,75.78807476240307,112.15442901306484,NA,5.639841833787505,NA,NA,75.99737026418296,107.59361987127507
2026-05-10,2026-10-01,forecast,144,NA,90.40058515605952,62.83403896551173,71.60018584775464,84.90835486557592,75.62402848910934,111.88051769285168,NA,5.631614905426366,NA,NA,75.9251024062005,107.85187811374327
2026-05-10,2026-10-02,forecast,145,NA,90.33196786932744,62.142667777916024,71.59467702940867,84.6744786722495,75.59004063681331,112.49032357237205,NA,5.626048652025197,NA,NA,75.86557706964213,108.10636362471344
2026-05-10,2026-10-05,forecast,148,NA,90.07217145728583,60.193501124003596,71.57815311728501,83.97987394696852,75.14307247018381,112.80702751910779,NA,5.60951705956351,NA,NA,75.42229911260907,107.86228683515961
2026-05-10,2026-10-06,forecast,149,NA,90.05801915699439,59.608928359328715,71.57264599410655,83.78258094973317,74.87297910499245,112.32374220466583,NA,5.604821486229309,NA,NA,75.28314263512694,104.97848408832937
2026-05-10,2026-10-07,forecast,150,NA,89.98966189013439,59.13993932271576,71.56713929463848,83.59456523414133,74.90673037124171,112.98212568839405,NA,5.600346712198223,NA,NA,75.21322996283912,108.50418301161885
2026-05-10,2026-10-08,forecast,151,NA,89.92135650888996,58.97867405876047,71.5616330188481,83.47494888713771,74.89598668749272,113.0781631371353,NA,5.597499843139537,NA,NA,75.15090226978597,109.31842138556195
2026-05-10,2026-10-09,forecast,152,NA,89.8531029738785,58.76310710339934,71.55612716670296,83.34324662297213,74.52641875083168,113.28023031121982,NA,5.594365329252396,NA,NA,74.9306627142317,107.85716831041822
2026-05-10,2026-10-12,forecast,155,NA,89.59468378613242,58.109701425135434,71.53961215181258,82.93050841000425,74.18620224985932,113.45838651478607,NA,5.58454215978376,NA,NA,74.62742394684396,109.32651809781008
2026-05-10,2026-10-13,forecast,156,NA,89.58060650954836,57.90835807341971,71.5341079939222,82.81829128357796,74.2396816607247,113.51763676630932,NA,5.581871392174815,NA,NA,74.50366247099257,109.32094025510905
2026-05-10,2026-10-14,forecast,157,NA,89.51261161600628,57.794948118467715,71.52860425951407,82.70998225605777,73.89779184829708,112.95357932327353,NA,5.579293637319834,NA,NA,74.28848958919994,104.35406717829164
2026-05-10,2026-10-15,forecast,158,NA,89.4446683330267,57.95893915754437,71.52310094855557,82.66533932624111,73.828106905853,113.59143777251246,NA,5.5782311355901975,NA,NA,74.16683284208679,107.57292618351563
2026-05-10,2026-10-16,forecast,159,NA,89.37677662143557,58.04655723738657,71.51759806101411,82.60374392495217,73.95578167795678,113.72002468182944,NA,5.576765165039521,NA,NA,74.23359126071641,108.5079042108331
2026-05-10,2026-10-19,forecast,162,NA,89.11972735709517,58.15300169795904,71.50109193856635,82.36901819174854,73.3767924605435,113.94231190061346,NA,5.571178692589275,NA,NA,73.72870313899949,112.92357058016889
2026-05-10,2026-10-20,forecast,163,NA,89.10572470651051,58.15309779674095,71.49559074436742,82.30528741123442,73.34137602828338,113.82176162477849,NA,5.569661900013038,NA,NA,73.73394187722782,112.07653252094686
2026-05-10,2026-10-21,forecast,164,NA,89.03809026528876,58.215570665960165,71.49008997342268,82.23995963147246,73.29310872362169,113.82331339528082,NA,5.5681070988547035,NA,NA,73.60467405968154,110.38988135088336
2026-05-10,2026-10-22,forecast,165,NA,88.97050716103381,58.5325822034825,71.48458962569951,82.2345948329944,73.02669450866406,114.07194469623657,NA,5.567979416650926,NA,NA,73.36745153767056,113.13172433403071
2026-05-10,2026-10-23,forecast,166,NA,88.902975354779,58.74847429446345,71.47908970116549,82.20627470707615,72.98580283639673,114.16243988637106,NA,5.567305397654072,NA,NA,73.40434575473529,113.27228593784213
2026-05-10,2026-10-26,forecast,169,NA,88.64728875165291,59.09744226078203,71.46259246637223,82.03759411622262,72.83757236681613,114.03194954500245,NA,5.5632907995917575,NA,NA,73.08075753580836,113.07021382415837
2026-05-10,2026-10-27,forecast,170,NA,88.63336033146415,59.134213519381355,71.45709423426894,81.98574965715162,72.57372645333125,114.1768559187552,NA,5.562056901465867,NA,NA,73.03074114761623,113.30006880532996
2026-05-10,2026-10-28,forecast,171,NA,88.566084431746,59.214838672555864,71.45159642519195,81.9279728265678,72.63184289868845,114.19338287841651,NA,5.560681812897973,NA,NA,72.97847533378618,113.43301907284201
2026-05-10,2026-10-29,forecast,172,NA,88.49885959684882,59.53634547213428,71.44609903910872,81.92812016769912,72.35784842108274,114.38994219527113,NA,5.560685319616899,NA,NA,72.75020454162399,113.72957195547862
2026-05-10,2026-10-30,forecast,173,NA,88.43168578801256,59.738792992625946,71.4406020759867,81.90050245775625,72.40084512975355,114.18379897306608,NA,5.560028018120258,NA,NA,72.62749546511428,112.65006435042247
2026-05-10,2026-11-02,forecast,176,NA,88.104296965668,58.593467588020225,71.42411372406242,81.35774666560843,71.92555213255439,114.41471055274292,NA,5.533778998366218,NA,NA,72.30432414120851,113.74876822793131
2026-05-10,2026-11-03,forecast,177,NA,88.09045386131731,58.56871730402049,71.41861845245985,81.29320054956645,71.95303388146074,114.3917493307189,NA,5.532242800804418,NA,NA,72.24804521766322,113.63258534725463
2026-05-10,2026-11-04,forecast,178,NA,88.0235900470836,58.58098428068188,71.41312360365575,81.22095035148668,71.87964168783338,114.82969448072075,NA,5.53052324609012,NA,NA,72.19978113407514,113.9222489693862
2026-05-10,2026-11-05,forecast,179,NA,87.95677698488318,58.82650467345846,71.4076291776177,81.2057613306248,71.86348105985725,114.87070318026826,NA,5.530161747393607,NA,NA,72.13833699085507,113.89203968890483
2026-05-10,2026-11-06,forecast,180,NA,87.89001463619357,58.951038126111484,71.4021351743131,81.1616752662963,71.52568669743816,114.35073542088378,NA,5.529112499062589,NA,NA,71.84237302494076,113.60365383596192
2026-05-10,2026-11-09,forecast,183,NA,87.63724132684833,58.94400178725685,71.38565570047489,80.92141303919155,71.39780770319516,114.45808610310442,NA,5.523394258057496,NA,NA,71.63822360159,113.95792444464227
2026-05-10,2026-11-10,forecast,184,NA,87.62347160711302,58.846214372905074,71.38016338777895,80.84129923027723,71.22971112718773,114.81206586851141,NA,5.521487549405335,NA,NA,71.67250502233355,113.92251607931937
2026-05-10,2026-11-11,forecast,185,NA,87.55696224916046,58.78884345084578,71.37467149765389,80.75416387833542,71.06502301986613,114.70509394247664,NA,5.51941372802912,NA,NA,71.43599448126727,114.10968039636099
2026-05-10,2026-11-12,forecast,186,NA,87.49050337419634,58.96895956639362,71.3691800300672,80.7260437341755,70.9626498371648,114.30826139581178,NA,5.518744468598114,NA,NA,71.29569865043646,113.81770034621836
2026-05-10,2026-11-13,forecast,187,NA,87.42409494390213,59.03165433712034,71.3636889849863,80.66928884421095,70.82760601292838,114.8852084242142,NA,5.517393702216958,NA,NA,71.19117731155157,114.23385346785636
2026-05-10,2026-11-16,forecast,190,NA,87.17266162821825,58.86451711456287,71.34721838445381,80.39503182002935,70.51565511783754,114.6340526932697,NA,5.510866385041435,NA,NA,70.86648949660717,114.08091569140393
2026-05-10,2026-11-17,forecast,191,NA,87.1589649040741,58.721733882732664,71.34172902907132,80.30540791092461,70.4940321129392,114.595206603765,NA,5.5087333360047435,NA,NA,70.95969195866138,113.99661937795793
2026-05-10,2026-11-18,forecast,192,NA,87.09280812337082,58.622773509157796,71.3362400960321,80.20952890795736,70.43337946659224,114.61732729655205,NA,5.506451415734123,NA,NA,70.75001071947908,114.11443297268947
2026-05-10,2026-11-19,forecast,193,NA,87.02670155803709,58.7632736043969,71.3307515853038,80.17407525506391,70.54825615509343,114.85484760997925,NA,5.505607618795258,NA,NA,70.77387566189145,114.0112757697201
2026-05-10,2026-11-20,forecast,194,NA,86.96064516995757,58.788888429722675,71.32526349685385,80.11008567586022,70.22839079414406,114.6150520025469,NA,5.50408466681021,NA,NA,70.54492453427525,113.95645216137268
2026-05-10,2026-11-23,forecast,197,NA,86.71054474440416,58.51911480930075,71.30880176484918,79.81439510383123,69.875254809022735,115.18228203572616,NA,5.49704723119592,NA,NA,70.25490250408122,114.34855262158187
2026-05-10,2026-11-24,forecast,198,NA,86.69692062888947,58.34301382151463,71.30331536518777,79.71766711686428,69.71182219130056,114.75305022884162,NA,5.494745105106107,NA,NA,70.1279908480719,114.22967897893464
2026-05-10,2026-11-25,forecast,199,NA,86.63111455636431,58.209751402655,71.2978293876423,79.61438578664954,69.77132603771557,114.5683566402467,NA,5.492287009446996,NA,NA,70.15069669431698,114.05514823822618
2026-05-10,2026-11-26,forecast,200,NA,86.56535843300854,58.312894875775314,71.29234383218026,79.57163376196355,69.75341118843969,114.89798700911989,NA,5.491269511259469,NA,NA,70.06943848009902,114.13917042038814
2026-05-10,2026-11-27,forecast,201,NA,86.4996522209091,58.300481262520904,71.28685869876917,79.49967666741834,69.55020252609319,114.8104309678391,NA,5.489556932409293,NA,NA,69.97740536224867,114.34454810085951
2026-05-10,2026-11-30,forecast,204,NA,86.25087761961227,57.91045455590322,71.2704058305172,79.17673237052828,69.25040951757316,114.89070246372631,NA,5.48187085814331,NA,NA,69.65718018551146,114.09784543735132
2026-05-10,2026-12-01,forecast,205,NA,86.23732572781644,57.692814627800765,71.26492238498533,79.07035405732998,69.2026721885146,114.95651579981507,NA,5.47933905428919,NA,NA,69.51065698943037,114.17394949448973
2026-05-10,2026-12-02,forecast,206,NA,86.17186850430652,57.517025684700954,71.25943936134215,78.95711991278462,69.08483686180007,115.06385072949485,NA,5.476644081649011,NA,NA,69.43528971089165,114.34252499786795
2026-05-10,2026-12-03,forecast,207,NA,86.10646096517722,57.57460439542483,71.25395675955517,78.9044488441387,69.17966790629632,115.01499024308947,NA,5.475390510215238,NA,NA,69.48271384453186,114.17053709692674
2026-05-10,2026-12-04,forecast,208,NA,86.04110307271627,57.51865534825028,71.2484745795919,78.8226207590286,68.94273543644401,114.99157387771086,NA,5.473443001789618,NA,NA,69.26746774559439,114.45594756914278
2026-05-10,2026-12-07,forecast,211,NA,85.7936472672595,57.01575430013079,71.23203057031988,78.4729943484475,68.59292029317567,115.48787754637007,NA,5.465121893217788,NA,NA,68.87947557085491,114.38547981141028
2026-05-10,2026-12-08,forecast,212,NA,85.78016721631244,56.76938250030853,71.22655007732702,78.35986487365997,68.5506189626483,115.31044495864072,NA,5.462429411717844,NA,NA,68.89878769007362,114.35232604469492
2026-05-10,2026-12-09,forecast,213,NA,85.71505699251082,56.56954202058715,71.22107000599563,78.24108097213414,68.4864351148905,115.04181952168335,NA,5.45960235486153,NA,NA,68.79050671761465,114.30759063058083
2026-05-10,2026-12-10,forecast,214,NA,85.64999618970447,56.60527790924435,71.21559035629328,78.18422858065968,68.50989930605574,114.99345306750887,NA,5.458249267944438,NA,NA,68.76388769597554,114.19485305636644
2026-05-10,2026-12-11,forecast,215,NA,85.58498477038121,56.536461187046356,71.21011112818745,78.10015959127668,68.31638562438349,115.3821248474314,NA,5.4562484259971225,NA,NA,68.59622235036174,114.39491644370243
2026-05-10,2026-12-14,forecast,218,NA,85.33884076960683,56.050618488325846,71.19367597312542,77.75718047855884,68.06177245199545,114.73169346854584,NA,5.448085523114438,NA,NA,68.43392347132547,114.2021166149901
2026-05-10,2026-12-15,forecast,219,NA,85.3254321786683,55.82963047786271,71.18819843108166,77.6514177648328,67.9896674885162,115.56908391918499,NA,5.4455683705277576,NA,NA,68.38973374155474,114.36543186669742
2026-05-10,2026-12-16,forecast,220,NA,85.26066711507127,55.663998105324325,71.18272131047239,77.54239265139235,68.01128761195652,115.54262657105237,NA,5.442973572827875,NA,NA,68.36056177191597,114.43049886304016
2026-05-10,2026-12-17,forecast,221,NA,85.19595121048067,55.739897890836865,71.17724461126514,77.4976913109268,67.79681011023395,115.43594330538862,NA,5.441909680924795,NA,NA,68.21024660537162,114.45515408075202
2026-05-10,2026-12-18,forecast,222,NA,85.13128442758297,55.72275954041686,71.17176833342747,77.42852775814863,67.76102310214095,115.70157170806718,NA,5.4402635883686745,NA,NA,68.09441546498809,114.48436267725607
2026-05-10,2026-12-21,forecast,225,NA,84.88644527739457,55.450551449468286,71.15534202780779,77.14520032285122,67.56124110813778,115.61068174088714,NA,5.433520395408596,NA,NA,67.96660583046996,114.35538090644823
2026-05-10,2026-12-22,forecast,226,NA,84.87310776764294,55.31733979675953,71.14986743512432,77.0638646005286,67.4226100626225,115.82370457986644,NA,5.431584605217318,NA,NA,67.78687708159403,114.4716100307391
2026-05-10,2026-12-23,forecast,227,NA,84.80868603449856,55.24543355786293,71.14439326364837,76.98099782503706,67.27664839855443,115.13112893655418,NA,5.42961237596062,NA,NA,67.59934969068529,114.48582518852065
2026-05-10,2026-12-24,forecast,228,NA,84.74431319976041,55.4190832393856,71.13891951334747,76.964370245606,67.24815315553124,115.55759991361641,NA,5.429216639570161,NA,NA,67.66132688268058,114.60115632500745
2026-05-10,2026-12-25,forecast,229,NA,84.67998922631277,55.50539480917702,71.13344618418934,76.92460143458443,67.24539088169212,115.28539790371737,NA,5.428270141867847,NA,NA,67.67723386919354,114.49289573758026
2026-05-10,2026-12-28,forecast,232,NA,84.43644800947887,55.56075994150357,71.11702872324719,76.7338285092534,66.90920356863813,114.98665775726391,NA,5.423729746244968,NA,NA,67.33206944155174,114.3300791205664
2026-05-10,2026-12-29,forecast,233,NA,84.42318120410094,55.53755991762902,71.11155707833582,76.68375583741997,66.82485707153869,115.67705578191777,NA,5.4225380166553325,NA,NA,67.29762791599738,114.53574893265437
2026-05-10,2026-12-30,forecast,234,NA,84.35910098135689,55.57414642047202,71.10608585440525,76.63190228140427,66.7994616295676,114.98571552358231,NA,5.421303902022158,NA,NA,67.22450393593992,114.32603658873387
2026-05-10,2026-12-31,forecast,235,NA,84.29506939780036,55.8552294993427,71.100615051423,76.64680623959187,66.72964519159724,115.42502771139318,NA,5.421658616227024,NA,NA,67.14269263447011,114.59754841880155
2026-05-10,2027-01-01,forecast,236,NA,84.31817289152548,56.045010560982725,71.0951446693567,76.66870939918103,66.62539071222162,115.30289825477112,NA,5.444586100967773,NA,NA,66.9853812947056,114.63216168977026
2026-05-10,2027-01-04,forecast,239,NA,84.07567226516925,56.37583117174094,71.07873604832956,76.55895588256286,66.3632322658917,115.66309470666911,NA,5.4419739672722605,NA,NA,66.74363553210742,114.53557183568309
2026-05-10,2027-01-05,forecast,240,NA,84.0624621455201,56.42953236248478,71.07326734960321,76.53195768546897,66.38939629234036,115.57835581506443,NA,5.441331410181426,NA,NA,66.79384144943873,114.59634153302225
2026-05-10,2027-01-06,forecast,241,NA,83.9986557214803,56.535542242314655,71.06779907163092,76.50123095364324,66.34688504251372,115.09850486625763,NA,5.440600113963973,NA,NA,66.77259580548217,114.48261610666464
2026-05-10,2027-01-07,forecast,242,NA,83.93489772880497,56.881546026045456,71.06233121438022,76.53674805228242,66.30453952281005,115.02773495354323,NA,5.441445420911586,NA,NA,66.69273552148852,114.38326124815539
2026-05-10,2027-01-08,forecast,243,NA,83.87118813073312,57.12570158048674,71.05686377781883,76.54472940104021,66.21116304625015,115.44393698138128,NA,5.441635377012021,NA,NA,66.59411388842904,114.49065107190174
2026-05-10,2027-01-11,forecast,246,NA,83.62997304082468,57.557965678561274,71.04046399194696,76.46971767034624,65.98175123287245,115.80466326348815,NA,5.439850097821505,NA,NA,66.3315913208108,114.80339666970423
2026-05-10,2027-01-12,forecast,247,NA,83.61683295023289,57.6250688550557,71.03499823781921,76.44862976943575,66.09695424774974,115.40739932935706,NA,5.439348205779835,NA,NA,66.34076066755028,114.39460566638998
2026-05-10,2027-01-13,forecast,248,NA,83.55336477473676,57.73619073445028,71.02953290421895,76.42156863160955,65.71627969999042,115.56628783032784,NA,5.4387041506995715,NA,NA,66.08585376064237,114.37737967717182
2026-05-10,2027-01-14,forecast,249,NA,83.48994477386242,58.08320737891525,71.02406799111382,76.46023695698067,65.72477666291798,115.89877483685717,NA,5.439624456843404,NA,NA,66.07088444776909,114.43883943824817
2026-05-10,2027-01-15,forecast,250,NA,83.4265729110435,58.31752944513752,71.01860349847148,76.4680640797572,65.56538810219331,115.28536315052312,NA,5.439810742365486,NA,NA,66.0068181167972,114.54450716864197
2026-05-10,2027-01-18,forecast,253,NA,83.18663654273885,58.66674311127734,71.00221254299763,76.37664280400845,65.34000465276665,115.61982014317044,NA,5.437634916002666,NA,NA,65.6692095792368,114.46798076662006
2026-05-10,2027-01-19,forecast,254,NA,83.17356610996872,58.690898034865484,70.99674973188296,76.34565002375354,65.37518728318965,115.42153477503892,NA,5.436897287832599,NA,NA,65.83228311843129,114.55119257430667
2026-05-10,2027-01-20,forecast,255,NA,83.11043438990409,58.75406780880084,70.99128734106928,76.30727978141951,65.3902092169969,115.74247304260184,NA,5.435984076065049,NA,NA,65.78571912974778,114.58845038805848
2026-05-10,2027-01-21,forecast,256,NA,83.0473505890794,59.05179401379227,70.9858253705244,76.33480722851941,65.27370395159464,115.18213795585397,NA,5.436639229306026,NA,NA,65.61828798535859,114.24934148123654
2026-05-10,2027-01-22,forecast,257,NA,82.98431467112239,59.23017398171752,70.98036382021589,76.32929055408435,65.12764384263858,115.81174177630993,NA,5.436507932454472,NA,NA,65.58141599456562,114.49091595272925
2026-05-10,2027-01-25,forecast,260,NA,82.74565024570393,59.38600250942014,70.96398169038535,76.1893806721255,64.9104652765554,115.4492403355222,NA,5.433178077263851,NA,NA,65.23788960804316,114.49858607859272
2026-05-10,2027-01-26,forecast,261,NA,82.73264910148775,59.340556056580034,70.9585218206991,76.14052244513837,64.888317457616,115.41369608779556,NA,5.432015251461557,NA,NA,65.27118373462967,114.38783996598939
2026-05-10,2027-01-27,forecast,262,NA,82.66985205324791,59.33389486108984,70.95306237108763,76.08419616661325,64.86592084618229,115.97637151977729,NA,5.43067468603266,NA,NA,65.26077581316329,114.59474032015983
2026-05-10,2027-01-28,forecast,263,NA,82.60710267022026,59.56381079687013,70.94760334151856,76.09483751720354,64.76814243669084,115.68914742566227,NA,5.4309279501767085,NA,NA,65.18748427393567,114.5084814591257
2026-05-10,2027-01-29,forecast,264,NA,82.5444009162251,59.673917256285876,70.94214473195956,76.07195793783451,64.67718937269368,114.93573913263323,NA,5.430383416187726,NA,NA,64.96188278126783,114.43532710312928
2026-05-10,2027-02-01,forecast,267,NA,82.30700169091057,59.63630958671073,70.92577142302027,75.88190496369054,64.54863607942391,115.42286330203805,NA,5.425860155403099,NA,NA,64.90786824154321,114.33181466705845
2026-05-10,2027-02-02,forecast,268,NA,82.29406946793796,59.53404610205389,70.92031449317865,75.81825260886723,64.31000503143478,115.64433105489573,NA,5.4243452293583045,NA,NA,64.71257974650277,114.49286671565085
2026-05-10,2027-02-03,forecast,269,NA,82.23160531737166,59.476424371183356,70.91485798318554,75.7487897080255,64.19924202753538,115.53920979594395,NA,5.422692012318271,NA,NA,64.7101090913851,114.45689458416355
2026-05-10,2027-02-04,forecast,270,NA,82.16918857933618,59.66239088598989,70.90940189300876,75.74878260670911,64.31852072964568,115.45889317786033,NA,5.422691843306941,NA,NA,64.66386657515932,114.44399134931966
