"ID","LATITUDE","LONGITUDE","ELEVATION","STATE","annual_estimate_PRCP","annual_estimate_TMAX","annual_estimate_TMIN","annual_pvalue_PRCP","annual_pvalue_TMAX","annual_pvalue_TMIN","annual_r2_PRCP","annual_r2_TMAX","annual_r2_TMIN","winter_estimate_PRCP","winter_estimate_TMAX","winter_estimate_TMIN","winter_pvalue_PRCP","winter_pvalue_TMAX","winter_pvalue_TMIN","spring_estimate_PRCP","spring_estimate_TMAX","spring_estimate_TMIN","spring_pvalue_PRCP","spring_pvalue_TMAX","spring_pvalue_TMIN","summer_estimate_PRCP","summer_estimate_TMAX","summer_estimate_TMIN","summer_pvalue_PRCP","summer_pvalue_TMAX","summer_pvalue_TMIN","fall_estimate_PRCP","fall_estimate_TMAX","fall_estimate_TMIN","fall_pvalue_PRCP","fall_pvalue_TMAX","fall_pvalue_TMIN","annual_trend_PRCP","annual_trend_TMAX","annual_trend_TMIN","winter_trend_PRCP","winter_trend_TMAX","winter_trend_TMIN","spring_trend_PRCP","spring_trend_TMAX","spring_trend_TMIN","summer_trend_PRCP","summer_trend_TMAX","summer_trend_TMIN","fall_trend_PRCP","fall_trend_TMAX","fall_trend_TMIN"
"USC00043157",41.8714,-120.1575,NA,"CA",0.000240373076482847,0.00161179015077052,0.00591205259538228,0.540705515606082,0.445327608110987,0.467991786951634,0.00697335010595587,0.00861465249673636,0.0150104391171409,-0.0520466560231999,0.00203489982569957,0.0160866141847003,0.592637471264454,0.242382356198618,0.0333589362008695,0.0388747057820965,-0.000836108671414335,0.00279302517317684,0.476664154477998,0.744473322741357,0.577681872252002,-0.00358360983165846,0.00213633429903599,0.00285027430404618,0.352584826824085,0.626329963456023,0.567320053604813,0.0177170523786933,0.00311203514976086,0.00191829671960579,0.740935609857791,0.168124790047951,0.693606285748852,0.0240373076482847,0.161179015077052,0.591205259538228,-5.20466560231999,0.203489982569957,1.60866141847003,3.88747057820965,-0.0836108671414335,0.279302517317684,-0.358360983165846,0.213633429903599,0.285027430404618,1.77170523786933,0.311203514976086,0.191829671960579
"USW00023271",38.5553,-121.4183,NA,"CA",0.00688741386953121,0.0253534598214488,0.0130634876117982,0.529692848167295,0.00210494660725744,0.0112151748219717,0.00411900594249443,0.288976949960063,0.201965563135995,0.0359345443238056,0.0208532794112656,0.00905700931115214,0.715436336575035,1.71342601561147e-06,0.0205508756408993,-0.0392275647788595,0.0294245082621273,0.00825990420040023,0.483772063016205,1.62942306717811e-09,0.02430276276439,0.00249126677698108,0.0309640390238418,0.0190974282529668,0.47263415112246,1.46017667044617e-18,4.52992830711824e-14,0.0283514091561976,0.0201720125885605,0.0158396086826736,0.44692884195548,0.00841807137359109,7.0608825523887e-06,0.688741386953121,2.53534598214488,1.30634876117982,3.59345443238056,2.08532794112656,0.905700931115214,-3.92275647788595,2.94245082621273,0.825990420040023,0.249126677698108,3.09640390238418,1.90974282529668,2.83514091561976,2.01720125885605,1.58396086826736
"USC00042294",38.535,-121.7761,NA,"CA",0.0373633190680732,-0.00048129165490995,0.0176502371249213,0.465415921854328,0.304396471653112,0.0303591982639001,0.00635624298791874,0.0153802770095781,0.174857214619508,0.0412340548893709,0.000393347362424402,0.00822759054022065,0.402047218892459,0.373493244567369,0.121338726315679,0.0404637672180082,-0.00164755823017184,0.0161281459374197,0.637035134462476,0.504496519190835,9.27028279280657e-05,-0.00243820664558833,-0.00160595473548558,0.0220294826484917,0.552234629083707,0.212483748083193,4.68179246494462e-08,0.0701936608105022,0.000934998983593219,0.0242157293735531,0.27034670497867,0.127112374771049,5.31709406863318e-06,3.73633190680732,-0.048129165490995,1.76502371249213,4.12340548893709,0.0393347362424402,0.822759054022065,4.04637672180082,-0.164755823017184,1.61281459374197,-0.243820664558833,-0.160595473548558,2.20294826484917,7.01936608105022,0.0934998983593219,2.42157293735531
"USC00046074",38.2778,-122.2647,NA,"CA",0.0627872552180864,0.00783303181630309,0.0146810269561997,0.525547688450572,0.192412046262682,0.0142096300462385,0.0067244732827384,0.0257237121521461,0.13328894278077,0.148475664790401,0.00770935871659448,0.00992963790288373,0.393206126631846,0.236081682652858,0.0471079266762138,0.0597530598366767,0.0143296029431514,0.0144264723988711,0.619622226150467,0.0116156830573803,0.000671358345323339,0.00126035115950958,0.00834461156581191,0.0181550245498821,0.712999971418663,0.193720262286426,2.1297026641361e-08,0.0416599450857585,0.000948554039654629,0.0162129729731618,0.376362429601311,0.328230557054062,0.00905921386639025,6.27872552180864,0.783303181630309,1.46810269561997,14.8475664790401,0.770935871659448,0.992963790288373,5.97530598366767,1.43296029431514,1.44264723988711,0.126035115950958,0.834461156581191,1.81550245498821,4.16599450857585,0.0948554039654629,1.62129729731618
"USC00046136",39.2467,-121.0008,NA,"CA",0.187294458928522,-0.00970595342093129,0.0415087316130003,0.477175928975597,0.241513789464904,9.24089971162059e-08,0.00890116799728878,0.0443780589525801,0.381612954874316,0.368736199107199,-0.0168162423240544,0.0293093242453442,0.468672884401537,0.0785277421623178,3.50946759105033e-07,0.218397132333527,-0.00539740874890778,0.0293405567475757,0.439860967344362,0.380957335624112,1.86825096801262e-08,0.00581976892838526,-0.00193520413843445,0.0586239447576371,0.541608632069848,0.341722166836863,6.47653722695183e-25,0.156224735344977,-0.0146749584723286,0.048761100701444,0.458561232086641,0.164847913236322,6.71967966430758e-12,18.7294458928522,-0.970595342093129,4.15087316130003,36.8736199107199,-1.68162423240544,2.93093242453442,21.8397132333527,-0.539740874890777,2.93405567475757,0.581976892838525,-0.193520413843445,5.86239447576371,15.6224735344977,-1.46749584723286,4.8761100701444
"USC00046719",34.1483,-118.1447,NA,"CA",-0.032391134923433,0.0238718896183166,0.0424690871253705,0.44305162669745,0.00983030241421744,4.26662100887277e-18,0.00667699486909018,0.173995101423773,0.57568770567266,-0.0844997827845443,0.0226156661035798,0.0392020322472726,0.383577924221107,0.0177348351088693,1.61427954677421e-17,-0.0931342667314838,0.0299566518086062,0.0373629592867942,0.509718292790512,7.22873152549646e-07,9.01823585291572e-19,0.026797522302625,0.0198970918104353,0.044640076275924,0.251227779245511,5.83237846838097e-05,4.99149263495805e-27,0.0212719875196713,0.0230181487506453,0.0486712806914912,0.62768251053267,0.0215273278901641,2.18649774659186e-20,-3.2391134923433,2.38718896183166,4.24690871253705,-8.44997827845443,2.26156661035798,3.92020322472726,-9.31342667314838,2.99566518086062,3.73629592867942,2.6797522302625,1.98970918104353,4.4640076275924,2.12719875196713,2.30181487506453,4.86712806914912
"USC00046826",38.2578,-122.6078,NA,"CA",0.0130287113658969,0.00378059432251545,0.0119705361852574,0.583798854981186,0.327057904508713,0.166708545464638,0.00627594868571636,0.0170549158648502,0.108692482016405,-0.0840525203154023,0.00215789426049776,0.00862777163012281,0.557279610660176,0.498544595208298,0.374269102119797,0.0730194059900504,0.00616876974668057,0.00677624141996754,0.688716121118317,0.293443808394469,0.290067674242349,-0.00359755098118651,0.00509017910364958,0.01813969008848,0.826384565435029,0.354502264617234,4.13926453403883e-06,0.0667455107701261,0.00170553417923389,0.0143384416024591,0.262815122711223,0.16174094981485,0.00249326623187067,1.30287113658969,0.378059432251545,1.19705361852574,-8.40525203154023,0.215789426049776,0.862777163012281,7.30194059900504,0.616876974668057,0.677624141996754,-0.359755098118651,0.509017910364958,1.813969008848,6.67455107701261,0.170553417923389,1.43384416024591
"USC00047821",37.3594,-121.9244,NA,"CA",0.137224356116725,0.0110709938948294,0.0340650440957861,0.564952241025733,0.107773862410242,1.55632740678765e-07,0.00498586496592004,0.0895756838077451,0.474075591897086,-0.0359772626553608,0.0118785273728466,0.0259188382576021,0.58225690787797,0.0121625861611572,6.22448178761916e-07,0.57171037693524,0.0091773296391937,0.0316750885619933,0.589613876079524,0.0852197798761084,6.84145237324358e-11,0.000953567067886777,0.0130028377257345,0.040678861159786,0.636887983578194,0.00132959145165502,2.80854546901146e-30,0.0122107431191333,0.0102252808415428,0.037987388403763,0.451050196567242,0.332383492152046,1.43694294118269e-11,13.7224356116725,1.10709938948294,3.40650440957861,-3.59772626553608,1.18785273728466,2.59188382576021,57.171037693524,0.91773296391937,3.16750885619933,0.0953567067886777,1.30028377257345,4.0678861159786,1.22107431191333,1.02252808415428,3.7987388403763
"USC00047902",34.4167,-119.6844,NA,"CA",-0.0139296860171647,0.002320744132442,0.0231525833885086,0.419441748650062,0.26095247166806,1.28445708526802e-06,0.0100215209730258,0.0267941581167381,0.305577808125243,0.0526327311330896,0.000651530006792474,0.01991192795965,0.484964858353419,0.0643131421479736,5.13599550035382e-06,-0.0655019198856609,0.00958056421525613,0.0234345742554148,0.637425502831658,0.0333768084944413,9.64663596820903e-10,-0.0511958799387119,0.00243212334398182,0.0217914679785355,0.295147005861085,0.512297693346837,9.72858513674395e-13,0.00834632462262425,-0.00338124103626244,0.027472363360434,0.260229627554085,0.433822242682989,8.67204262923761e-10,-1.39296860171647,0.2320744132442,2.31525833885086,5.26327311330896,0.0651530006792474,1.991192795965,-6.55019198856609,0.958056421525613,2.34345742554148,-5.11958799387119,0.243212334398182,2.17914679785355,0.834632462262425,-0.338124103626244,2.7472363360434
"USC00049866",41.7025,-122.6417,NA,"CA",0.00245832703165281,0.0082214604114479,0.00682882684691832,0.533655466071937,0.244456701657367,0.311800966835444,0.00472522070202878,0.0323238468771875,0.0331506485576793,-0.000433896055377016,0.0097316744847901,0.00464470257843427,0.400819279487092,0.104756040790425,0.668509849148079,0.0395774448017674,0.00388639696507839,0.00445207673347672,0.507305558513924,0.570179322456016,0.300037888475607,0.0189283437169015,0.0124791639106032,0.0106627691571987,0.573120926013945,0.0305017017027239,0.0318053270951379,-0.0482385843366806,0.00678860628531995,0.00755575891856364,0.653376100272787,0.272389741680305,0.246850802622952,0.245832703165281,0.82214604114479,0.682882684691832,-0.0433896055377016,0.97316744847901,0.464470257843427,3.95774448017674,0.388639696507839,0.445207673347672,1.89283437169015,1.24791639106032,1.06627691571987,-4.82385843366806,0.678860628531995,0.755575891856364
"USC00040693",37.8744,-122.2606,NA,"CA",0.00992213126380164,0.0188453843397161,0.00483484805731523,0.460912152915645,0.00110569555436901,0.175166029097422,0.0100103781716497,0.175127323726041,0.0301903727174156,0.00822693041717115,0.0167679196521774,0.00773398953424767,0.275951508736179,0.000627284381718011,0.116249326295979,0.0182212563140995,0.0164632676802329,0.0036469317152113,0.38074599330888,5.70266908327313e-05,0.250585126665679,-0.00493105103051762,0.0211415152068138,0.00429002792929559,0.768740445340443,3.99065882429964e-05,0.0721768795148626,0.0181713893544535,0.0210088348196402,0.00366844305050634,0.418210664277077,0.00369856455668229,0.261652783913168,0.992213126380164,1.88453843397161,0.483484805731523,0.822693041717115,1.67679196521774,0.773398953424767,1.82212563140995,1.64632676802329,0.36469317152113,-0.493105103051762,2.11415152068138,0.429002792929559,1.81713893544535,2.10088348196402,0.366844305050634
"USC00044412",33.0764,-116.5925,NA,"CA",-0.175758795888414,-0.00976079326365688,0.0230174737988064,0.372050969473506,0.39367992251533,0.0833178617457658,0.0351581248604906,0.0301251848960224,0.12998590571908,-0.339914978192726,-0.0113902589518135,0.0223242932417845,0.448139666587472,0.345898245450857,0.213447840786929,-0.243795664204845,-0.0116164182264671,0.0195267096584971,0.202953949209606,0.354491166070753,0.0390858586773158,-0.0816196140905162,-0.0108850695165041,0.0231793602266251,0.286073040009627,0.336547025177963,0.0585391848328594,-0.0377049270655678,-0.00515142635984285,0.027039532068319,0.551037222087319,0.537783253361745,0.0221985626859592,-17.5758795888414,-0.976079326365688,2.30174737988064,-33.9914978192726,-1.13902589518135,2.23242932417845,-24.3795664204845,-1.16164182264671,1.95267096584971,-8.16196140905162,-1.08850695165041,2.31793602266251,-3.77049270655678,-0.515142635984285,2.7039532068319
"USC00048351",38.2994,-122.4622,NA,"CA",-0.0309295526972653,0.000459254785183532,0.0173115394681891,0.565678410365477,0.536360776987896,0.0865553261455608,0.00950302572719195,0.0210387017193065,0.155730194559712,0.0943218071061712,-0.000748409421659199,0.00581544892894678,0.4486559979982,0.126679963769033,0.0990482007795641,-0.0894433932382176,-0.00293925097733229,0.008196783682698,0.59026351568116,0.631102019284717,0.246186198595441,0.00145997949468049,0.00348096314676067,0.0267385404109768,0.911435659754879,0.652725310615562,0.000218666956959755,-0.130056604151695,0.00204371639296494,0.0284953848501346,0.312358468027667,0.734935814282271,0.000768238250278063,-3.09295526972653,0.0459254785183532,1.73115394681891,9.43218071061712,-0.0748409421659199,0.581544892894678,-8.94433932382176,-0.293925097733229,0.8196783682698,0.145997949468049,0.348096314676067,2.67385404109768,-13.0056604151695,0.204371639296494,2.84953848501346
"USC00041614",41.53,-120.1792,NA,"CA",0.00310395191061062,0.00298070667145033,-0.00029439347209795,0.417895115975195,0.320187751090757,0.3367476404409,0.0123727053596847,0.0167327208817319,0.0122428281164164,-0.0203860891257782,0.00727192975743157,-0.000815466728192609,0.195848104509289,0.297350330972006,0.425545013089689,0.0598718184148006,-0.00342498196807025,-0.00114309048592984,0.363336383336592,0.394074449453282,0.456760093175197,-0.00842215370145205,0.00610886808092374,0.00494297538269812,0.42775909693101,0.288511084688247,0.224089255893186,-0.0186477679451279,0.00196701081551627,-0.00416199205696747,0.684636879123888,0.300815139249493,0.240596199605527,0.310395191061062,0.298070667145033,-0.029439347209795,-2.03860891257782,0.727192975743157,-0.0815466728192609,5.98718184148006,-0.342498196807025,-0.114309048592984,-0.842215370145205,0.610886808092374,0.494297538269812,-1.86477679451279,0.196701081551627,-0.416199205696747
"USC00046730",35.6278,-120.6856,NA,"CA",-0.0152445635472898,0.00901519839137865,0.0129308343689594,0.571229089409766,0.223576777422621,0.169904957291196,0.00850089688533261,0.0432132659426208,0.125104110054685,-0.0351380343351458,0.0162651497985051,0.00356045635914722,0.834641714492486,0.00902317712466032,0.545299586204744,-0.0332237176989958,0.0129613981504642,0.0103994221929045,0.53526189824818,0.016871915767791,0.0444852129872084,-0.00494108731480389,-0.000591481914225513,0.0240424305419427,0.133854463367882,0.516162763243693,2.68956265730585e-09,0.0123245851597861,0.00742572753077084,0.0137210283818433,0.781158281530516,0.352249253554341,0.0898350272832708,-1.52445635472898,0.901519839137865,1.29308343689594,-3.51380343351458,1.62651497985051,0.356045635914722,-3.32237176989958,1.29613981504642,1.03994221929045,-0.494108731480389,-0.0591481914225513,2.40424305419427,1.23245851597861,0.742572753077084,1.37210283818433
"USC00047880",37.9983,-122.5372,NA,"CA",-0.268289100407652,-0.00081813767595407,0.0203190635759167,0.379320638875642,0.54848839797896,0.00395270995041823,0.0299143517753958,0.00938663860538322,0.203181054006241,-0.493087582193771,0.00207678520475059,0.0175791971263309,0.529353507409558,0.544768457714221,0.0120055420423998,-0.276693932862307,-0.000154005665796434,0.0182153501565149,0.258270157304942,0.498637657334927,0.00195899101037918,-0.0307554258904034,0.00120931524740867,0.0235463294377916,0.491455957679995,0.751100331279103,1.02969801555659e-06,-0.272619460684127,-0.00640464549017911,0.0219353775830296,0.238202933108074,0.399447145587589,0.00184527705087837,-26.8289100407652,-0.081813767595407,2.03190635759167,-49.3087582193771,0.207678520475059,1.75791971263309,-27.6693932862307,-0.0154005665796434,1.82153501565149,-3.07554258904034,0.120931524740867,2.35463294377916,-27.2619460684127,-0.640464549017911,2.19353775830296
"USC00044259",33.7086,-116.2153,NA,"CA",-0.03302463238979,0.00058704142099792,0.0408021609107278,0.38533973334076,0.450905567470322,2.34429073807615e-10,0.00996143782676869,0.0120998380875816,0.3769428637357,-0.0605610104754471,0.00032879386368866,0.0461284017286933,0.31867577816794,0.352568428858977,2.93423514405519e-10,-0.01766874000608,-0.000454061138196762,0.0369793253374609,0.369462668235709,0.737671786278083,2.26218235033165e-11,-0.0246866722026108,0.00472304175571373,0.0329987328860966,0.37160529927316,0.221261050574844,6.21666243405283e-10,-0.0291821068750223,-0.00224960879721395,0.0471021836906604,0.481615187686231,0.492121004169385,4.71391634132392e-15,-3.302463238979,0.058704142099792,4.08021609107278,-6.05610104754471,0.032879386368866,4.61284017286933,-1.766874000608,-0.0454061138196762,3.69793253374609,-2.46866722026108,0.472304175571373,3.29987328860966,-2.91821068750223,-0.224960879721395,4.71021836906604
"USC00049073",37.5019,-120.8456,NA,"CA",0.0182966474946128,0.00571642429574603,0.0268794010611023,0.644257115617187,0.18216053323002,0.0110989095342691,0.00274721289780614,0.0621878407765738,0.237097265693206,0.0610042044109052,0.0152792792195685,0.0262179213440002,0.571220062807878,0.027322087049699,9.33750343623587e-05,0.00202810796441651,0.00574592443019426,0.0275949221348712,0.746785743916769,0.45258826074814,0.00235203437107048,-0.00492361018216427,-0.00899714965025268,0.0210587984119887,0.67820073443095,0.118869885694867,0.0416339435946114,0.0150778877852938,0.0108376431834741,0.0326459623535491,0.580821921313152,0.129861899427375,0.000316285137031988,1.82966474946128,0.571642429574603,2.68794010611023,6.10042044109052,1.52792792195685,2.62179213440002,0.202810796441651,0.574592443019426,2.75949221348712,-0.492361018216427,-0.899714965025268,2.10587984119887,1.50778877852938,1.08376431834741,3.26459623535491
"USC00043161",39.51,-123.7564,NA,"CA",0.054678499351849,0.0187127128248598,-0.000441724732305939,0.350182912137758,0.182150730340164,0.356947572096461,0.0163541964394455,0.114592310888319,0.0220370452562719,0.12371348389637,0.0774708258140826,0.00179007194912614,0.464996179687366,0.102316966260286,0.478219057457437,0.166664662373803,-0.00661398552817606,-0.00659315086152189,0.160448405869326,0.328411496635095,0.286746139612753,-0.024351237183993,0.0143206495511545,0.00196924253052678,0.412049687232776,0.0167594999199588,0.209400633724659,-0.0473129116787845,-0.0103266385376216,0.00106693745264521,0.363237375761563,0.281114958545316,0.453424457590994,5.4678499351849,1.87127128248598,-0.0441724732305939,12.371348389637,7.74708258140826,0.179007194912614,16.6664662373803,-0.661398552817606,-0.659315086152189,-2.4351237183993,1.43206495511545,0.196924253052678,-4.73129116787845,-1.03266385376216,0.106693745264521
"USC00047195",39.9367,-120.9475,NA,"CA",-0.0273335166329407,0.0145529616029174,0.0115191035887762,0.484701210583809,0.164171185728812,0.226712655730176,0.00916092662039751,0.0855205106958935,0.0620792404890663,-0.0136902408865643,0.00674263736260006,0.0092189531126946,0.427756275961785,0.249258508965252,0.296359189549118,0.0454792202245355,0.0128107407231064,0.00379130233350645,0.490383371200776,0.132624444557604,0.369004531189981,-0.0132770028338124,0.02258907330569,0.0218826364146622,0.616357899507655,2.48717911491286e-05,1.77747926066355e-05,-0.127846043035922,0.016069395020273,0.0111835224942417,0.404307295665019,0.274776917601244,0.241469127389,-2.73335166329407,1.45529616029174,1.15191035887762,-1.36902408865643,0.674263736260006,0.92189531126946,4.54792202245355,1.28107407231064,0.379130233350645,-1.32770028338124,2.258907330569,2.18826364146622,-12.7846043035922,1.6069395020273,1.11835224942417
"USC00048702",40.4167,-120.6631,NA,"CA",-0.145410001545125,0.00848349603329504,-0.000768520518405515,0.248168658153593,0.268276289818257,0.399044992466964,0.0302633461396025,0.0265898626260608,0.0124164667659092,-0.313258295536899,0.0108459019024526,-0.000271815766457246,0.125598798330834,0.160070493478836,0.478372851984013,-0.158006366460942,0.00576635372355349,-0.00243655906780699,0.0827767932217723,0.427797751712903,0.597388584249838,-0.0116870059201505,0.00819686568780029,0.00527654362584888,0.593344425945689,0.112073951159488,0.319942694881316,-0.0986883382625095,0.00912486281937373,-0.0056422508652067,0.190954615116077,0.373162962921802,0.200475838752691,-14.5410001545125,0.848349603329504,-0.0768520518405515,-31.3258295536899,1.08459019024526,-0.0271815766457246,-15.8006366460942,0.576635372355349,-0.243655906780699,-1.16870059201505,0.819686568780029,0.527654362584888,-9.86883382625095,0.912486281937373,-0.56422508652067
"USW00023157",37.3711,-118.3589,NA,"CA",-0.026263466454519,0.0192727001591338,0.0111930868690608,0.569340144651378,0.160542375822574,0.0982462788848835,0.00669556836098998,0.161431348058463,0.0802675120266122,-0.0572515774036245,0.00934779222577323,0.008099835323014,0.658408729652901,0.385531902418433,0.21797342056769,-0.0412167900337587,0.0187379274988268,0.0112563715546718,0.243733813085493,0.0336075738741967,0.0367080967092764,0.00836062768487687,0.0370756596835986,0.0155641126771908,0.711199468739739,6.04017884500221e-11,0.00144150059353774,-0.0149461260655696,0.0119294212283367,0.00985202792136658,0.664018567127377,0.223030026937264,0.13686209766903,-2.6263466454519,1.92727001591338,1.11930868690608,-5.72515774036246,0.934779222577323,0.8099835323014,-4.12167900337587,1.87379274988268,1.12563715546718,0.836062768487687,3.70756596835986,1.55641126771908,-1.49461260655696,1.19294212283367,0.985202792136658
"USC00040943",38.2119,-119.0142,NA,"CA",-0.0557390886381968,0.0121151729242221,0.00562264495293286,0.367935289308497,0.259189182340374,0.418581867945719,0.0274305218926671,0.0346095451155328,0.0184256640880141,-0.17904112754171,0.0132119512577812,0.00711264199206373,0.378444031012567,0.266472627418233,0.576708397191256,-0.0256784781327382,0.0166196507341026,0.00860467454756499,0.296818920928423,0.184925562305947,0.330002708934432,0.0564897154725254,0.00543476471701904,0.00592846840105222,0.450422295457858,0.430188885646695,0.298412682932662,-0.074726464350864,0.0131943249879855,0.000844794871050501,0.346055909835142,0.155169653990624,0.469203682724524,-5.57390886381968,1.21151729242221,0.562264495293286,-17.904112754171,1.32119512577812,0.711264199206373,-2.56784781327382,1.66196507341026,0.860467454756499,5.64897154725254,0.543476471701904,0.592846840105222,-7.4726464350864,1.31943249879855,0.0844794871050501
"USC00043875",38.6294,-122.8664,NA,"CA",0.0307890085977887,-0.00162516564924641,0.0249299426661628,0.486707158758949,0.374673777788769,0.000383958109978763,0.00778711298723304,0.018650508146138,0.339369033535293,0.0368806228289668,0.00296384925499819,0.0185777794176052,0.44124306161884,0.459703711213343,0.00153483102980408,0.07206908166054,-0.000479611691663829,0.0214875697621168,0.589434380634291,0.199803653936456,4.7360093136475e-07,-0.024439347332733,0.00119553445299451,0.0310952111287647,0.446071352249075,0.709059862925321,1.33887257913676e-20,0.038645677234381,-0.0101804346133145,0.0285592103561645,0.47007984053359,0.130127883079956,5.27809179611348e-07,3.07890085977887,-0.162516564924641,2.49299426661628,3.68806228289668,0.296384925499819,1.85777794176052,7.206908166054,-0.0479611691663829,2.14875697621168,-2.4439347332733,0.119553445299451,3.10952111287647,3.8645677234381,-1.01804346133145,2.85592103561645
"USC00042805",33.6861,-117.3458,NA,"CA",-0.0436794882705747,0.00286282119768896,0.0288252543438385,0.510878168096611,0.362358790051851,3.39274709570505e-07,0.00613202652195544,0.00987579044034079,0.271944054572435,-0.0505369798184749,0.00134798525324782,0.0262761857995023,0.747227362607003,0.267105602437516,9.47899505693921e-07,-0.0967531882505625,0.00823377681483001,0.0256781915357163,0.205462290223989,0.195972632160952,3.84449148492392e-07,0.00383310996221729,0.00229044212554046,0.0284816513002613,0.466556887102546,0.395694332236301,2.47353850763953e-08,-0.0312608949754788,-0.00042091940286243,0.0348649887398741,0.624266132452909,0.590662593372636,1.47990193104e-11,-4.36794882705747,0.286282119768896,2.88252543438385,-5.05369798184749,0.134798525324782,2.62761857995023,-9.67531882505625,0.823377681483001,2.56781915357163,0.383310996221729,0.229044212554046,2.84816513002613,-3.12608949754788,-0.042091940286243,3.48649887398741
"USC00043191",38.515,-123.2447,NA,"CA",-0.33334952656856,0.00429189561629881,-0.0121773617567078,0.118300901761189,0.379296709253959,0.0329663067064421,0.0299235197060725,0.0388270822964513,0.0760878709832818,-0.812431180304587,0.0100082981294138,-0.0132941878572091,0.0133995957190445,0.180822166116637,0.0251987637519785,-0.254953281116255,0.00569528438586821,-0.00984250984611734,0.119953218879743,0.285249491817248,0.0212693541729536,-0.00842070177646228,-0.00105736349689639,-0.0085699376643331,0.230342856978531,0.428314459412732,0.0826677916661875,-0.257592943076936,0.00252136344680961,-0.0170028116591715,0.10950793546744,0.62280071966922,0.00272931723464891,-33.334952656856,0.429189561629881,-1.21773617567078,-81.2431180304587,1.00082981294138,-1.32941878572091,-25.4953281116255,0.569528438586821,-0.984250984611734,-0.842070177646228,-0.105736349689639,-0.85699376643331,-25.7592943076936,0.252136344680961,-1.70028116591715
"USC00048839",35.0233,-118.7497,NA,"CA",-0.0300873928100484,0.00238010317741636,0.00353687896532296,0.490760180075289,0.201306587905846,0.474413508917417,0.00753262975948162,0.0272073986696861,0.00956384613420922,-0.0480300342340782,-0.00915687179405241,-0.00160915127658961,0.586894735761236,0.198439079593702,0.68905275112128,-0.065013075890418,-0.00026301193592978,0.00317811177436025,0.422598941421505,0.471143838377663,0.383512089365421,0.0147640532992546,0.0113321476704739,0.00794506259747091,0.433064264012831,0.0580261794879715,0.382570467644457,-0.022070514414952,0.00760814876917368,0.00463349276605031,0.520482779105585,0.0776172541640456,0.442518727538508,-3.00873928100484,0.238010317741636,0.353687896532296,-4.80300342340782,-0.915687179405241,-0.160915127658961,-6.5013075890418,-0.026301193592978,0.317811177436025,1.47640532992546,1.13321476704739,0.794506259747091,-2.2070514414952,0.760814876917368,0.463349276605031
"USC00049367",36.3283,-119.2997,NA,"CA",0.0104162071647213,-0.016795587537323,0.0343145954016502,0.57472452302059,0.0720206659454255,1.45006002817314e-05,0.00417691691964247,0.0975216957702917,0.328090752859774,0.00888068773162353,-0.0164239586516385,0.0224640868795747,0.564516948155792,0.0243005067812811,5.80017007980455e-05,0.0100403432037859,-0.00767019601683051,0.033580512296501,0.458997939362695,0.256604558253502,6.66618899086084e-10,0.00276131711519813,-0.023239985916532,0.0437590611912497,0.72317114326897,0.00296815538941942,4.45776456164476e-15,0.0199824806082777,-0.0198482095642909,0.0374547212392754,0.552212061294901,0.00420944335749979,3.37055230829264e-11,1.04162071647213,-1.6795587537323,3.43145954016502,0.888068773162353,-1.64239586516385,2.24640868795747,1.00403432037859,-0.767019601683051,3.3580512296501,0.276131711519813,-2.32399859165321,4.37590611912497,1.99824806082777,-1.98482095642909,3.74547212392754
"USC00043747",36.3158,-119.6369,NA,"CA",0.00605811762868639,-0.0140910443623812,0.0324540337425576,0.569703335083491,0.113854951431686,2.03243909904344e-05,0.00479267102413842,0.0543351273685674,0.253372666872294,0.0425442171334202,-0.0124516084906545,0.0234151647549207,0.576224723801384,0.042108832382354,8.11110434743202e-05,-0.0133987930310356,-0.0106823407747391,0.0288581233342832,0.668410164403992,0.205629019233201,1.04232388263232e-07,-0.00179943746862964,-0.0196389171640395,0.0360888474523369,0.38682665556757,0.00107817861968822,8.22869169773861e-08,-0.00311351611900936,-0.0135913110200918,0.0414539994286896,0.647351796561019,0.206603775491501,1.18217666924863e-12,0.605811762868639,-1.40910443623812,3.24540337425576,4.25442171334202,-1.24516084906545,2.34151647549207,-1.33987930310356,-1.06823407747391,2.88581233342832,-0.179943746862964,-1.96389171640395,3.60888474523369,-0.311351611900936,-1.35913110200918,4.14539994286896
"USC00044890",36.3817,-119.0264,NA,"CA",-0.0165350883534322,0.00190171704234462,0.00972801116276941,0.561536962409763,0.358053925537331,0.121455567912898,0.00517747881039296,0.0145583172754508,0.050770691895254,-0.0123204956221892,0.00584539573525214,0.00741959655270593,0.514618106672185,0.342574521107716,0.177929472168492,-0.035865835343807,0.00387467660661583,0.00697222163959238,0.416496221681267,0.537417084151941,0.205847281343231,-0.00350643064158845,-0.00602058581473423,0.0156484399965813,0.581003669176881,0.36260762252217,0.000374268610222224,-0.0144475918061442,0.00390738164224474,0.00887178646219803,0.734029852108721,0.189616474367498,0.101671249529647,-1.65350883534322,0.190171704234462,0.972801116276941,-1.23204956221892,0.584539573525214,0.741959655270593,-3.5865835343807,0.387467660661583,0.697222163959238,-0.350643064158845,-0.602058581473423,1.56484399965813,-1.44475918061442,0.390738164224474,0.887178646219803
"USC00042239",32.9897,-116.5872,NA,"CA",-0.341455596823748,0.021893301397437,0.00802771314942822,0.243124799262965,0.0494300445675383,0.182563147492212,0.0335307669650402,0.0822286704137713,0.0268270667813981,-0.385428935700088,0.0235240842880287,0.0101376282350098,0.2454850003778,0.122746134152681,0.104053184060358,-0.801789561949566,0.01760455913571,0.00913081229099733,0.0153748575563255,0.028555430417993,0.0669354699357758,-0.112401397313272,0.021754855461236,0.00875697527696804,0.131043274924709,0.046086109452901,0.159586574149958,-0.0662024923320655,0.0246897067047733,0.00408543679473769,0.580596064193026,0.000332504246578603,0.399677361822758,-34.1455596823748,2.1893301397437,0.802771314942822,-38.5428935700088,2.35240842880287,1.01376282350098,-80.1789561949566,1.760455913571,0.913081229099733,-11.2401397313272,2.1754855461236,0.875697527696804,-6.62024923320655,2.46897067047733,0.408543679473769
"USC00045532",37.2889,-120.5158,NA,"CA",-0.00569679269353995,0.00261476962004164,0.0133068671109553,0.725965906215739,0.382245349864393,0.0180649933638744,0.00354696454306903,0.0099855223406163,0.0842384465924864,0.00638856257432648,0.00421747742874623,0.0103180711363661,0.796833517638908,0.390547933246158,0.0572040817794294,-0.0138776865554657,0.00737081001206739,0.0124849740393754,0.799653447763077,0.196957278741914,0.00182786841549171,-0.00354578782754588,-0.00152712590127888,0.011045002436374,0.638983567612189,0.482840071046938,0.0132176886365703,-0.0117522589654747,0.000397916940631808,0.0193794208317058,0.668393091848781,0.458636116422564,1.03346240059907e-05,-0.569679269353995,0.261476962004164,1.33068671109553,0.638856257432648,0.421747742874623,1.03180711363661,-1.38776865554657,0.737081001206739,1.24849740393754,-0.354578782754588,-0.152712590127888,1.1045002436374,-1.17522589654747,0.0397916940631808,1.93794208317058
"USC00049452",35.5892,-119.3519,NA,"CA",-0.0227064921502682,0.00497196186069981,0.0215205498683557,0.367159369015494,0.273361031576558,0.00140580716207844,0.0143825518870751,0.0251499861575446,0.122346423863943,-0.139274666840638,0.00818992273713008,0.0194657351879753,0.442571737333184,0.317367439475633,0.00336960355399889,-0.00986669508821823,0.0107684865728613,0.0241841028461866,0.664643493420399,0.153297593350059,1.17160691098211e-05,0.0225217827562786,-0.00408672427769844,0.0215253949836518,0.138450597021613,0.336137333810627,8.18797077594156e-05,0.0357936105715047,0.00501616241050631,0.0209069664556093,0.22297164828678,0.286641759669912,0.00216002931744563,-2.27064921502682,0.497196186069981,2.15205498683557,-13.9274666840638,0.818992273713008,1.94657351879753,-0.986669508821823,1.07684865728613,2.41841028461866,2.25217827562786,-0.408672427769844,2.15253949836518,3.57936105715047,0.501616241050631,2.09069664556093
"USC00041018",39.4539,-120.6556,NA,"CA",-0.0577473205217662,0.0152879694246147,-0.00721816377152035,0.591361175123731,0.249402305538573,0.263284877887039,0.00489313582065636,0.0521774672280696,0.0249331575179556,-0.170443377531661,0.0171145976974056,-0.00312734233671669,0.209806516138734,0.268624722475667,0.465698518396138,0.0507971097285837,0.00759550485630505,-0.0115989826376058,0.692141511725278,0.441796731212417,0.153670243199448,0.000911175611611775,0.017284323172552,-0.00851877230115543,0.710681517473464,0.0200832359382486,0.185931656592649,-0.112254189895599,0.0191574519721963,-0.00562755781060349,0.752815155157449,0.267104532527958,0.247839093359923,-5.77473205217662,1.52879694246147,-0.721816377152035,-17.0443377531661,1.71145976974056,-0.312734233671669,5.07971097285837,0.759550485630505,-1.15989826376058,0.0911175611611775,1.7284323172552,-0.851877230115543,-11.2254189895599,1.91574519721963,-0.562755781060349
"USC00044223",32.8489,-115.5667,NA,"CA",-0.0175170974687786,0.00210510535826083,0.0244979059521173,0.395463913332881,0.546989379718147,4.36981761988919e-05,0.0136338570749741,0.00803886407587581,0.201978365762497,-0.0606474050612112,0.00317216875016661,0.0233493737515113,0.0981589821766834,0.478608190133505,0.000121386392731665,0.00417830679369342,-0.00204113562899342,0.0221454925805298,0.298183236394378,0.725250217860216,1.40614866742825e-05,-0.0102841139241129,0.00425390550097972,0.0200049173812565,0.518322402147186,0.421749460997733,3.933548493337e-05,-0.00331517768348386,0.00303548281089041,0.0324918400951718,0.667191032613279,0.562349649881134,9.34045624964257e-09,-1.75170974687786,0.210510535826083,2.44979059521173,-6.06474050612112,0.317216875016661,2.33493737515113,0.417830679369342,-0.204113562899342,2.21454925805298,-1.02841139241129,0.425390550097972,2.00049173812565,-0.331517768348386,0.303548281089041,3.24918400951718
"USC00044500",37.9567,-122.5447,NA,"CA",-0.0565086653983252,0.00878793725667887,0.0289758386918332,0.48222491359431,0.117221779229254,1.32469459893836e-06,0.0102032709404341,0.0446047753989355,0.380013685894662,-0.1325195463506,0.0107101533979277,0.0264348284013396,0.29280992162095,0.147005722132494,5.29852749881376e-06,-0.0880186229536724,0.00868541503658165,0.0235284796797715,0.540911253287907,0.180026544291504,2.44305768510455e-10,-0.0188937250638666,0.0101545503958753,0.0335479890723324,0.652173490880002,0.042525426667116,1.7325119120989e-20,0.0133972327748381,0.0056016301963308,0.0323920576138893,0.443004988588382,0.0993294238259012,6.59117115044073e-12,-5.65086653983252,0.878793725667887,2.89758386918332,-13.25195463506,1.07101533979277,2.64348284013396,-8.80186229536724,0.868541503658165,2.35284796797715,-1.88937250638666,1.01545503958753,3.35479890723324,1.33972327748381,0.56016301963308,3.23920576138893
"USC00047965",38.4558,-122.7133,NA,"CA",0.0436659778386201,0.00370748127709156,0.0276225366878832,0.477103377006161,0.40983731246461,0.000361280701177783,0.00617368690906053,0.0199246134096622,0.327549517940815,0.018337152051591,0.00862002000705327,0.0217413588553734,0.500527175888611,0.270230127810786,0.0014447044763056,0.0643953950164937,0.00393151215792792,0.0252533016334014,0.60218770266839,0.462648646280296,4.15328954833298e-07,-0.00814557873569974,0.00229868127895622,0.0304883455034938,0.584025313897391,0.658884257203787,2.43090207627499e-17,0.100076943022096,-2.02883355711709e-05,0.0330071407592642,0.221673315570254,0.24758621856357,2.99945067583537e-09,4.36659778386201,0.370748127709156,2.76225366878832,1.8337152051591,0.862002000705327,2.17413588553734,6.43953950164937,0.393151215792792,2.52533016334014,-0.814557873569974,0.229868127895622,3.04883455034938,10.0076943022096,-0.00202883355711709,3.30071407592642
"USC00046168",37.2811,-121.0178,NA,"CA",0.0239000751895868,0.0157179429226597,0.0156764718388546,0.562763890822484,0.0737794198379847,0.0516752299600406,0.00496378489486685,0.0839893732156507,0.0860761898999802,0.0824240409316389,0.0142745629770653,0.0139229064183809,0.42825552417813,0.0273968831370919,0.0826097513026613,-0.0199860017574211,0.0188759851404045,0.0117331507155929,0.732802742665544,0.00146856586354977,0.119065620614877,-0.00112700153272585,0.0121531196582922,0.0209833859599707,0.801454449990658,0.0523085839580049,7.16569712806439e-05,0.0342892631168554,0.0175681039148767,0.016066444261474,0.288542846455606,0.213943646393292,0.00495389095134315,2.39000751895868,1.57179429226597,1.56764718388546,8.24240409316389,1.42745629770653,1.39229064183809,-1.99860017574211,1.88759851404045,1.17331507155929,-0.112700153272585,1.21531196582922,2.09833859599707,3.42892631168554,1.75681039148767,1.6066444261474
"USC00044997",37.6819,-121.7514,NA,"CA",0.000531342074565696,0.00636054084670619,0.0164984907103945,0.498600264057821,0.205471376193272,0.0161135494334961,0.00749689526179201,0.0347021784284441,0.154491562650391,-0.0526762140361268,0.00354511111549197,0.0113399995006975,0.624417577665873,0.292911018434932,0.0620689709741668,-0.00430649022717121,0.00897133604135756,0.0153305563813704,0.582510056426356,0.174793704575706,0.00225172155434756,-0.000745785153404148,0.0145561503187665,0.0216000081025509,0.64654496368163,0.00303563520687019,4.07684241287004e-09,0.059853857714965,-0.00163043408879131,0.0177233988569592,0.140928458457424,0.351145146555579,0.000133501128627483,0.0531342074565696,0.636054084670619,1.64984907103945,-5.26762140361268,0.354511111549197,1.13399995006975,-0.430649022717121,0.897133604135756,1.53305563813704,-0.0745785153404148,1.45561503187665,2.16000081025509,5.9853857714965,-0.163043408879131,1.77233988569592
"USC00046508",41.3019,-123.5386,NA,"CA",-0.039706193819698,-0.012418810838399,0.00421899918749265,0.466383882543116,0.16928549416442,0.361008357130119,0.00776297266505074,0.0601301324681728,0.0108720369858328,-0.104411126425528,-0.0133702671242802,0.00496036199059322,0.269097132359749,0.0462572714755132,0.387741324577576,0.112584676794965,-0.0169849675305882,0.00153984106361424,0.723514272626465,0.138536383103569,0.408884128942847,-0.0261221588287649,-0.0103602125551454,0.00447812074700735,0.303507508428621,0.190735655022086,0.370857471986608,-0.140876166819464,-0.00895979614358228,0.00589767294875578,0.569416616757628,0.301612667056511,0.276550503013443,-3.9706193819698,-1.2418810838399,0.421899918749265,-10.4411126425528,-1.33702671242802,0.496036199059322,11.2584676794965,-1.69849675305882,0.153984106361424,-2.61221588287649,-1.03602125551454,0.447812074700735,-14.0876166819464,-0.895979614358228,0.589767294875578
"USC00046506",39.7458,-122.1997,NA,"CA",0.0634979496690595,0.000189848256928168,0.0089576742165415,0.554636812918785,0.239409155297902,0.0659519974687396,0.00544896833687292,0.0897949090989943,0.0529904756093872,0.12710276591067,0.0201949866503993,0.00682153482016293,0.493288535301826,0.000835791493579299,0.143452843938594,0.0446348702581766,0.00130747931174704,0.00809114797523357,0.621287815766111,0.439793734647736,0.0496855807440905,0.0067953815496481,-0.0235666218730137,0.0124296011892185,0.708838616586653,0.00128224667961572,0.00164785771444657,0.0754587809577431,0.00282354893858003,0.00848841288155098,0.395132284020548,0.515724848370676,0.069021707477827,6.34979496690595,0.0189848256928168,0.89576742165415,12.710276591067,2.01949866503993,0.682153482016293,4.46348702581766,0.130747931174704,0.809114797523357,0.67953815496481,-2.35666218730137,1.24296011892185,7.54587809577431,0.282354893858003,0.848841288155098
"USC00046252",37.2328,-119.5097,NA,"CA",-0.257307445865455,0.0128856204250097,0.00337550864854338,0.346887010550923,0.158117175910829,0.294572496631003,0.0212989600278314,0.0460254471701704,0.0151012021032642,-0.613989569717507,0.0183261843713664,0.00141151133706551,0.119060006812246,0.0188619595596799,0.526568319988553,-0.328684862804926,0.00740984674055459,-0.00159676286684386,0.0952853899902706,0.290064896979617,0.204313585858478,0.00125489933368059,0.0109982428977405,0.00717943350056675,0.719722680881791,0.111546692826715,0.203039491326555,-0.0878102502730678,0.0148082076903773,0.00650785262338513,0.453479964519385,0.211995154277305,0.244368589350424,-25.7307445865455,1.28856204250097,0.337550864854338,-61.3989569717507,1.83261843713664,0.141151133706551,-32.8684862804926,0.740984674055459,-0.159676286684386,0.125489933368059,1.09982428977405,0.717943350056675,-8.78102502730678,1.48082076903773,0.650785262338513
"USC00040383",38.9072,-121.0839,NA,"CA",-0.115008835530987,-0.0108684066639376,0.00764771195620259,0.568663880545581,0.186362709865741,0.25169245927801,0.00626673615359052,0.0394206675989842,0.0370227347924355,-0.423929857038157,-0.00874116415964501,0.00592856444635391,0.179701514566435,0.296015335988811,0.406654638603758,-0.0366751702272743,-0.0101536985475915,0.00115780506797107,0.728925437774794,0.135952599763954,0.469515840822288,-0.00207388658074531,-0.0129561163734304,0.0118077265120449,0.634230438756882,0.0587455937363319,0.0354627600891591,0.00264357172223033,-0.0116226475750836,0.0116967517984404,0.731798131084213,0.254737309973867,0.0951365975968344,-11.5008835530987,-1.08684066639376,0.764771195620259,-42.3929857038157,-0.874116415964501,0.592856444635391,-3.66751702272743,-1.01536985475915,0.115780506797107,-0.207388658074531,-1.29561163734304,1.18077265120449,0.264357172223033,-1.16226475750836,1.16967517984404
"USC00041912",39.09,-120.9469,NA,"CA",-0.00518380258323551,0.00264274674420122,0.012720278046334,0.450884209387295,0.201946508937663,0.133912716779518,0.00783107104405244,0.0233436136437238,0.053814239361386,-0.152617729875835,0.00425223850703104,0.0107748129138089,0.371396753708727,0.296779223318831,0.148447005781261,0.0144594410742018,-0.00265782592079074,0.0101584315827816,0.537806515641184,0.270368810229619,0.115527916814563,-0.0170791677366276,0.00932124053155939,0.0150579852987712,0.365564416259053,0.0915226151979978,0.0187956336899757,0.134502246205319,-0.000344666140994809,0.0148898823899743,0.528769151940216,0.149115387004205,0.25288031083227,-0.518380258323551,0.264274674420122,1.2720278046334,-15.2617729875835,0.425223850703104,1.07748129138089,1.44594410742018,-0.265782592079074,1.01584315827816,-1.70791677366276,0.932124053155939,1.50579852987712,13.4502246205319,-0.0344666140994809,1.48898823899743
"USC00046399",34.4478,-119.2275,NA,"CA",-0.0223373527190894,-0.00134146444623241,0.00889143866618296,0.544238744447831,0.391889238241456,0.220796548496998,0.00554432946131203,0.0177032169447879,0.0764372040653559,-0.0792811959597688,0.00164774228020823,0.00079311608986792,0.719881026511985,0.200380715451365,0.516101227171564,-0.0246455578592622,0.00539638501259992,0.00867153697656718,0.563538466804749,0.442619763751815,0.0957435754639936,0.0139499266712532,-0.00596981596229047,0.0174072436063649,0.347254743720156,0.402608902845061,1.9236787883731e-05,0.00062741627142014,-0.00644016911544734,0.0086938579919318,0.546280740754433,0.521947570917581,0.271322154564551,-2.23373527190894,-0.134146444623241,0.889143866618296,-7.92811959597688,0.164774228020823,0.079311608986792,-2.46455578592622,0.539638501259992,0.867153697656718,1.39499266712532,-0.596981596229047,1.74072436063649,0.062741627142014,-0.644016911544734,0.86938579919318
"USC00049855",37.7503,-119.5897,NA,"CA",-0.0736021706233368,-0.00560252599497312,0.0400913326618926,0.536511868257903,0.442471274660702,1.83434153616693e-05,0.00620052554584873,0.0195557787317332,0.316556059118943,-0.316816532248802,0.00143503881404643,0.0303647128530394,0.381534479142486,0.383337950667063,9.74240023314827e-07,0.013692454055923,-0.0200864102076364,0.0292428914489622,0.748796145431132,0.0429396543263055,7.23994114576606e-05,-0.016722032235294,-0.00266819973297023,0.0541226489664984,0.43533206837481,0.654200020686491,3.31891339227961e-15,0.025437427934826,-0.00109053285333225,0.0466350773790705,0.580384780083184,0.68940747296295,9.96238272843217e-12,-7.36021706233368,-0.560252599497312,4.00913326618926,-31.6816532248802,0.143503881404643,3.03647128530394,1.3692454055923,-2.00864102076364,2.92428914489622,-1.6722032235294,-0.266819973297023,5.41226489664984,2.5437427934826,-0.109053285333225,4.66350773790705
"USC00048353",37.9672,-120.3872,NA,"CA",-0.0368153568303493,0.00416655105131827,-0.0178144250497907,0.557491418969304,0.370823707197219,0.00651924221867593,0.0045052271747864,0.028486426908356,0.119095921277202,-0.148480840949933,0.0114803202873829,-0.0159015722975206,0.492218171528251,0.195636778253964,0.0227048278271303,-0.0542245222296659,-0.00730206121993235,-0.0191183583151124,0.74988870060455,0.3743886495954,0.00058312764123874,-0.00605590253647727,0.00171138217841718,-0.0181199732319492,0.378991792760027,0.654765929975939,0.00224894677869793,0.0614998383946793,0.0107765629594054,-0.0181177963545807,0.608867010984388,0.258503470963573,0.000540066627636698,-3.68153568303493,0.416655105131827,-1.78144250497907,-14.8480840949933,1.14803202873829,-1.59015722975206,-5.42245222296659,-0.730206121993235,-1.91183583151124,-0.605590253647727,0.171138217841718,-1.81199732319492,6.14998383946793,1.07765629594054,-1.81177963545807
"USC00049699",39.5231,-122.3047,NA,"CA",-0.012788852945,0.0129838315880957,0.0075622435172001,0.501467381272247,0.101170114687913,0.160379061954549,0.00813314019161795,0.0773925632283652,0.0343826848447565,-0.11291381709164,0.0265362745154057,0.00925914050189786,0.569842296233307,6.73110175409973e-05,0.154288258431544,0.0663329715523868,0.0132940377059203,0.00481542108798114,0.432011081255303,0.0328966791610683,0.371267374982333,-0.0150338072513736,-0.00099454866675783,0.00737480847679383,0.493897818428861,0.26287676548963,0.0895432181000216,0.0104592410106273,0.0130995627978145,0.00879960400212757,0.510118329171518,0.108839703083411,0.0264173963042967,-1.2788852945,1.29838315880957,0.75622435172001,-11.291381709164,2.65362745154057,0.925914050189786,6.63329715523868,1.32940377059203,0.481542108798114,-1.50338072513736,-0.099454866675783,0.737480847679383,1.04592410106273,1.30995627978145,0.879960400212757
"USW00093134",34.0236,-118.2911,NA,"CA",-0.0124766161676727,0.0187006259898848,0.0169887099850318,0.622202869119757,0.0227744039682125,0.11232029226771,0.00490640266913703,0.130611090824343,0.193377518491726,-0.0224727231057112,0.0187599285947905,0.00588247378765985,0.640335830643918,0.0163589306727457,0.203004437015332,-0.0315975866636364,0.0196268178997685,0.0195309486637436,0.651278298632485,0.000743146029486728,2.91284418337687e-05,0.00677236325836435,0.0201958335400551,0.0253780554204626,0.451187541725621,5.18035355640055e-05,5.41313328705337e-09,-0.00260851815970749,0.016219923924925,0.017163362068261,0.746009805477004,0.0739437356350534,0.246247598200541,-1.24766161676727,1.87006259898848,1.69887099850318,-2.24727231057112,1.87599285947905,0.588247378765985,-3.15975866636364,1.96268178997685,1.95309486637436,0.677236325836435,2.01958335400551,2.53780554204626,-0.260851815970749,1.6219923924925,1.7163362068261
"USC00041072",38.2575,-119.2286,NA,"CA",-0.0452246279054156,0.025908056448827,-0.00438482418885693,0.518593996299725,0.0628901028604679,0.435753630530845,0.00863847923532521,0.108396455848906,0.0268944441762054,-0.0888754535582611,0.036517497601824,-0.0113133195537761,0.394063509040312,0.115806125606352,0.4315067745721,-0.057445163223157,0.0263885263306912,0.00215350627833703,0.462471686865866,0.059723326762407,0.481531961886257,-0.0253338730187773,0.024557376828229,0.00551931238372508,0.574171291722109,0.0170088048095547,0.498561683379533,-0.00924402182146711,0.0161688250345638,-0.0138987958637138,0.643669497570615,0.0590221542635578,0.33141410228549,-4.52246279054156,2.5908056448827,-0.438482418885693,-8.88754535582611,3.6517497601824,-1.13133195537761,-5.7445163223157,2.63885263306912,0.215350627833703,-2.53338730187773,2.4557376828229,0.551931238372508,-0.924402182146711,1.61688250345638,-1.38987958637138
